id,causality_type,cau_val1,cau_val2,cau_val3
4,5,2,0,0
5,5,3,0,0
6,2,59,0,0
9,16,2,0,0
10,55,0,0,0
11,55,1,0,0
12,0,0,0,9
13,25,0,0,0
14,7,0,0,0
15,2,30,0,0
16,14,0,0,0
17,2,20,0,0
18,15,3,0,0
19,3,100,0,0
20,3,160,0,0
21,1,50,0,0
22,15,2,0,0
23,2,10,0,0
24,24,0,0,0
25,19,0,0,0
26,19,1,0,0
27,2,50,0,0
28,3,80,0,0
29,30,0,0,0
31,3,200,0,0
32,31,0,0,0
33,19,2,0,0
34,3,70,0,0
35,3,120,0,0
36,20,100,0,0
37,2,25,0,0
38,1,100,0,0
39,14,1,0,0
40,4,99,0,0
41,8,0,0,0
42,2,80,0,0
43,2,99,0,0
44,3,130,0,0
45,3,140,0,0
46,3,400,0,0
47,3,300,0,0
48,3,240,0,0
49,3,192,0,0
50,1,80,0,0
51,3,290,0,0
52,3,175,0,0
53,0,4,0,0
54,0,5,0,0
55,0,3,0,0
56,0,1,0,0
57,1,30,0,0
58,3,150,0,0
59,3,266,0,0
60,3,233,0,0
61,2,40,0,0
62,0,2,0,0
63,3,250,0,0
64,3,297,0,0
65,3,180,0,0
66,16,4,0,0
67,16,3,0,0
68,1,40,0,0
69,3,333,0,0
70,1,20,0,0
71,3,275,0,0
72,3,350,0,0
73,2,60,0,0
74,2,70,0,0
75,3,600,0,0
76,34,0,4,1
77,34,0,4,2
78,34,0,4,3
79,34,0,4,4
80,34,0,4,5
81,34,0,4,6
82,34,0,4,7
83,34,0,6,1
84,34,0,6,2
85,34,0,6,3
86,34,0,6,4
87,34,0,6,5
88,34,0,6,6
89,34,0,6,7
90,3,225,0,0
91,38,256,0,0
92,38,1024,0,0
93,34,0,21,1
94,34,0,21,2
95,34,0,21,3
96,34,0,21,4
97,2,77,0,0
98,34,0,13,1
99,34,0,13,2
100,34,0,13,3
101,15,4,0,0
102,15,5,0,0
103,15,6,0,0
104,15,7,0,0
105,38,16,0,0
106,33,80,100,0
107,33,50,80,0
108,33,0,50,0
109,33,60,80,0
110,33,40,60,0
111,33,20,40,0
112,33,0,20,0
113,34,0,8,1
114,34,0,8,2
115,34,0,8,3
116,34,0,8,4
117,34,0,8,5
118,34,0,8,6
119,34,0,8,7
120,34,0,24,1
121,34,0,24,2
122,34,0,24,3
123,34,0,24,4
124,34,0,24,5
125,34,0,24,6
126,2,100,0,0
127,34,1,4,1
128,34,0,26,1
129,34,0,26,2
130,34,0,26,3
131,34,0,26,4
132,34,1,19,1
133,34,0,26,5
134,34,0,26,6
135,34,0,26,7
136,34,1,16,1
137,34,1,17,1
138,34,1,3,1
139,34,1,21,1
140,34,0,5,1
141,40,0,0,0
142,34,1,31,1
143,34,1,30,1
144,1,60,0,0
145,34,1,2,1
146,34,0,25,1
147,34,0,25,2
148,34,0,25,3
149,34,0,25,4
150,34,0,25,5
151,34,0,25,6
152,34,0,25,7
153,34,1,5,1
154,34,1,21,1
155,34,0,31,2
156,4,370,0,0
157,34,0,27,1
158,34,0,27,2
159,34,0,27,3
160,34,0,27,4
161,34,0,27,5
162,34,0,27,6
163,34,0,27,7
164,34,0,18,1
165,34,0,18,2
166,34,0,18,3
167,34,0,18,4
168,34,0,18,5
169,34,0,18,6
170,34,0,18,7
171,34,1,26,1
173,34,0,17,1
174,34,0,17,2
175,34,0,17,3
176,34,0,17,4
177,34,0,17,5
178,34,0,17,6
179,34,0,17,7
180,34,0,28,1
181,34,0,28,2
182,34,0,28,3
183,34,0,28,4
184,34,0,28,5
185,34,0,28,6
186,34,0,28,7
187,34,1,6,1
196,35,126976,0,0
197,35,4063232,0,0
200,5,4,0,0
202,34,0,30,1
203,34,0,31,1
204,3,450,0,0
205,39,64,0,0
206,38,32,0,0
207,2,90,0,0
208,1,80,0,0
209,34,0,29,1
210,34,0,29,2
211,34,0,29,3
212,34,1,36,1
214,34,0,34,1
215,34,0,34,2
216,34,0,34,3
217,34,0,34,4
218,34,0,34,5
219,34,0,34,6
220,34,0,34,7
221,42,63,4,0
222,42,63,6,0
223,42,63,8,0
224,41,2,57,1
225,41,2,79,1
226,41,2,494,1
228,41,2,112,1
229,41,2,411,1
230,41,2,78,1
231,41,2,495,1
232,34,0,32,1
233,34,0,32,2
234,34,0,32,3
235,34,0,32,4
236,34,0,32,5
237,34,0,32,6
238,34,0,32,7
239,2,58,0,0
240,41,0,22,1
241,41,0,10,1
242,41,0,102,1
243,41,0,414,1
245,34,1,24,1
246,34,0,33,1
247,34,0,33,2
248,34,0,33,3
249,34,0,33,4
250,34,0,33,5
251,41,0,499,1
252,1,70,0,0
254,33,0,25,0
255,33,25,50,0
256,33,50,75,0
257,33,75,100,0
258,34,1,9,1
259,3,160,0,0
260,2,49,0,0
261,34,0,21,1
262,34,0,21,2
263,34,0,21,3
264,34,0,21,4
265,34,0,21,5
266,34,0,21,6
267,34,0,21,7
268,34,1,38,1
269,41,0,84,1
270,41,0,246,1
271,41,0,457,1
272,41,0,496,1
273,38,48,1,0
274,41,2,1,1
275,34,0,38,1
276,34,0,38,2
277,34,0,38,3
278,34,0,38,4
279,34,0,38,5
280,34,0,38,6
281,34,0,38,7
282,41,2,22,1
283,41,2,20,1
284,1,66,0,0
285,34,1,38,1
286,2,66,0,0
287,34,0,21,3
288,41,1,6,1
289,41,1,78,1
290,41,1,80,1
291,41,1,112,1
292,41,1,341,1
293,41,1,402,1
294,41,1,411,1
295,41,1,495,1
296,55,2,0,0
297,3,300,0,0
298,41,2,502,1
299,41,2,483,1
300,41,2,501,1
301,42,63,3,0
302,42,63,5,0
303,42,63,3,0
304,42,63,5,0
305,41,2,504,1
306,41,0,504,1
307,2,50,0,0
308,2,58,0,0
309,1,58,0,0
311,41,0,8,1
312,41,0,56,1
313,41,0,113,1
314,41,0,129,1
315,41,0,227,1
316,41,0,229,1
317,41,0,230,1
318,41,0,244,1
319,41,0,311,1
320,41,0,366,1
321,41,0,444,1
322,41,0,474,1
323,41,0,475,1
324,41,0,498,1
325,34,2,40,1
326,34,2,40,2
327,34,2,40,3
328,34,1,21,1
329,41,0,231,1
330,41,0,232,1
331,41,0,507,1
332,34,1,21,1
333,41,1,6,1
334,41,1,78,1
335,41,1,80,1
336,41,1,112,1
337,41,1,341,1
338,41,1,402,1
339,41,1,411,1
340,41,1,495,1
341,15,2,0,0
342,34,1,21,1
343,41,2,83,1
344,34,1,5,1
345,41,2,82,1
346,16,3,0,0
347,34,1,21,1
348,41,0,1,1
349,41,0,2,1
350,41,2,3,1
351,41,2,4,1
352,41,2,5,1
353,41,2,6,1
354,41,0,7,1
355,41,1,8,1
356,41,2,9,1
357,41,2,10,1
358,41,0,11,1
359,41,0,12,1
360,15,2,0,0
361,3,300,0,0
362,5,8,0,0
363,41,0,2,1
364,41,1,2,1
365,43,0,0,0
366,2,77,0,0
367,41,2,13,1
368,34,0,40,1
369,34,0,40,2
370,34,0,40,3
371,34,0,40,4
372,34,0,40,5
373,34,0,40,6
374,34,0,40,7
375,34,1,5,1
376,34,1,17,1
377,34,0,41,1
378,34,0,41,2
379,34,0,41,3
380,34,0,41,4
381,34,0,41,5
382,34,0,41,6
383,34,0,41,7
384,41,0,14,1
385,5,2,0,0
386,34,1,5,1
387,34,1,17,1
388,5,5,0,0
389,34,0,17,1
390,34,0,17,2
391,34,0,17,3
392,34,0,17,4
393,34,0,17,5
394,34,0,17,6
395,34,0,17,7
396,34,0,5,1
397,34,0,5,2
398,34,0,5,3
399,34,0,5,4
400,34,0,5,5
401,2,59,0,0
402,34,0,22,4
403,2,59,0,0
404,3,300,0,0
405,3,400,0,0
406,2,80,0,0
407,34,0,42,1
408,34,0,42,2
409,34,0,42,3
410,34,0,42,4
411,34,0,42,5
412,34,0,26,1
413,34,0,26,2
414,34,0,26,3
415,34,0,26,4
416,3,300,0,0
417,3,400,0,0
418,19,0,0,0
419,24,0,0,0
420,38,1024,0,0
421,38,16,0,0
422,38,32,0,0
423,34,0,21,3
424,34,0,43,1
425,34,0,43,2
426,34,0,43,3
427,34,0,43,4
428,34,0,43,5
429,34,0,43,6
430,34,0,43,7
431,41,1,13,1
432,3,300,0,0
433,3,400,0,0
434,24,0,0,0
435,40,0,0,0
436,41,2,15,1
437,41,2,16,1
438,41,1,13,1
439,41,1,17,1
440,41,1,18,1
441,41,2,19,1
442,2,40,0,0
443,41,2,20,1
444,41,2,21,1
445,3,200,0,0
446,34,2,36,2
447,34,2,36,3
448,34,0,27,1
449,34,0,27,2
450,34,0,27,3
451,34,0,27,4
452,34,0,27,5
453,34,0,27,6
454,34,0,27,7
455,41,2,22,1
456,41,2,23,1
457,3,300,0,0
458,2,80,0,0
459,34,2,36,2
460,34,2,36,3
461,42,63,3,0
462,42,63,6,0
463,42,63,3,0
464,42,63,6,0
465,3,300,0,0
466,34,2,45,2
467,34,2,45,3
468,34,1,4,1
469,34,1,33,1
470,16,2,0,0
471,17,80,0,0
472,16,2,0,0
473,17,80,0,0
474,42,63,5,0
475,3,240,0,0
476,16,2,0,0
477,18,50,0,0
478,15,2,0,0
479,41,2,24,2
480,41,2,25,1
481,41,2,26,2
482,41,0,27,1
483,34,1,16,1
484,41,1,28,1
485,41,1,29,1
486,41,0,30,1
487,34,1,16,1
488,41,1,31,1
489,15,2,0,0
490,34,2,17,2
491,34,2,17,3
492,5,3,0,0
493,2,80,0,0
494,5,2,0,0
495,34,1,19,1
496,34,2,17,2
497,34,2,17,3
498,34,2,28,2
499,42,16,2,0
500,42,9,2,0
501,42,6,2,0
502,42,63,7,0
503,3,33,0,0
504,3,66,0,0
505,3,100,0,0
506,3,133,0,0
507,3,166,0,0
508,3,200,0,0
509,3,233,0,0
510,3,266,0,0
511,3,300,0,0
512,3,333,0,0
513,3,366,0,0
514,3,400,0,0
515,3,433,0,0
516,3,466,0,0
517,3,500,0,0
518,3,533,0,0
519,3,566,0,0
520,3,600,0,0
521,3,633,0,0
522,3,666,0,0
523,5,5,0,0
524,2,66,0,0
525,16,2,0,0
526,15,2,0,0
527,34,0,11,5
528,2,50,0,0
529,41,0,32,1
530,34,0,49,1
531,34,0,49,2
532,34,0,49,3
533,34,0,49,4
534,34,0,49,5
535,38,256,0,0
536,38,1024,0,0
537,2,70,0,0
538,34,0,11,1
539,34,0,11,2
540,34,0,11,3
541,34,0,11,4
542,34,0,11,5
543,34,1,24,1
544,39,64,0,0
545,16,2,0,0
546,15,2,0,0
547,34,1,30,1
548,34,1,18,1
549,5,3,0,0
550,34,1,24,1
551,42,16,3,0
552,42,9,3,0
553,42,6,3,0
554,3,25,0,0
555,3,50,0,0
556,3,75,0,0
557,3,100,0,0
558,3,125,0,0
559,3,150,0,0
560,3,175,0,0
561,3,200,0,0
562,3,225,0,0
563,3,250,0,0
564,42,63,5,0
565,34,1,8,1
566,3,300,0,0
567,3,400,0,0
568,34,1,8,1
569,43,0,0,0
570,41,2,33,1
571,5,3,0,0
572,2,70,0,0
573,39,64,0,0
574,3,300,0,0
575,42,63,5,0
576,34,1,34,1
577,34,1,3,1
578,34,1,25,1
579,55,5,0,0
580,5,6,0,0
581,2,58,0,0
582,41,2,13,1
583,41,2,2,1
584,3,300,0,0
585,3,400,0,0
586,3,600,0,0
587,16,2,0,0
588,15,2,0,0
589,15,3,0,0
590,15,4,0,0
591,15,5,0,0
592,15,6,0,0
593,15,7,0,0
594,43,0,0,0
595,34,1,8,1
596,42,63,7,0
597,42,63,4,0
598,1,40,0,0
599,41,1,13,1
600,1,78,0,0
601,43,0,0,0
602,15,1,0,0
603,15,2,0,0
604,15,3,0,0
605,15,4,0,0
606,15,5,0,0
607,15,6,0,0
608,15,7,0,0
609,2,50,0,0
610,16,2,0,0
611,39,32,0,0
612,3,800,0,0
613,3,400,0,0
614,16,2,0,0
615,38,32,0,0
616,34,0,31,3
617,41,2,34,1
618,5,7,0,0
619,41,2,35,1
620,41,2,36,1
621,34,2,30,2
622,3,400,0,0
623,41,2,36,1
624,41,2,34,1
625,41,2,37,1
626,55,3,0,0
627,1,70,0,0
628,55,3,0,0
629,1,70,0,0
630,3,300,0,0
631,55,0,0,0
632,38,48,1,0
633,38,1280,1,0
634,15,2,0,0
635,34,1,30,1
636,34,2,24,2
637,24,0,0,0
638,34,0,30,1
639,19,0,0,0
640,3,300,0,0
641,42,63,6,0
642,1,60,0,0
643,34,2,27,2
644,3,400,0,0
645,41,2,22,1
646,41,2,23,1
647,34,1,17,1
648,34,1,6,1
649,34,1,30,1
650,34,0,6,1
651,34,0,6,2
652,34,0,6,3
653,34,0,6,4
654,41,0,22,1
655,41,2,22,1
656,41,0,23,1
657,41,2,23,1
658,15,2,0,0
659,2,70,0,0
660,41,0,1,1
661,2,77,0,0
662,41,2,22,1
663,5,6,0,0
664,42,16,6,0
665,42,32,1,0
666,42,32,2,0
667,42,32,3,0
668,41,2,20,1
669,38,256,0,0
670,41,2,43,1
671,41,2,41,1
672,41,2,42,1
673,2,50,0,0
674,19,0,0,0
675,39,64,0,0
676,3,500,0,0
677,42,2,3,0
678,34,2,56,2
679,34,0,56,3
680,34,2,56,2
681,44,3,5,0
682,2,59,0,0
683,41,2,44,1
684,2,77,0,0
685,1,50,0,0
686,34,0,52,1
687,34,0,52,2
688,34,0,52,3
689,34,0,52,4
690,34,0,52,5
691,34,0,52,6
692,34,0,52,7
693,17,58,0,0
694,45,2,9,45
695,34,1,9,1
696,34,1,17,1
697,34,1,5,1
698,17,58,0,0
700,41,2,13,1
702,3,275,0,0
703,3,300,0,0
704,41,1,13,1
706,34,0,9,7
707,45,2,9,13
708,45,2,9,45
712,45,2,9,13
713,5,3,0,0
714,3,400,0,0
715,3,600,0,0
716,34,2,4,2
717,2,50,0,0
718,34,1,6,1
719,34,2,6,2
720,34,0,44,7
721,42,32,2,0
722,2,49,0,0
723,41,1,30,1
724,41,2,30,1
725,41,2,1,1
726,3,600,0,0
727,5,7,0,0
728,2,60,0,0
729,34,2,60,1
730,34,2,60,2
731,2,50,0,0
732,5,3,0,0
733,19,0,0,0
734,34,1,24,1
735,19,1,0,0
736,19,2,0,0
737,19,0,0,0
738,19,2,0,0
739,3,450,0,0
740,39,32,0,0
741,34,2,60,2
742,34,0,61,5
743,1,90,0,0
744,34,0,60,5
745,34,1,2,1
746,44,3,4,0
747,34,0,61,1
748,34,0,61,2
749,34,0,61,3
750,34,0,61,4
751,34,0,61,5
752,34,0,61,6
753,34,0,61,7
754,3,200,0,0
755,3,333,0,0
756,34,2,42,2
757,46,2,64,3
758,46,0,64,1
759,46,0,64,2
760,46,0,64,3
761,46,0,64,4
762,46,0,64,5
763,46,0,64,6
764,46,0,64,7
765,2,30,0,0
766,5,4,0,0
767,45,0,29,13
768,34,0,62,1
769,34,0,62,2
770,34,0,62,3
771,34,0,62,4
772,34,0,62,5
773,34,0,62,6
774,34,0,62,7
775,41,2,46,1
776,34,2,8,3
777,46,2,2,3
778,44,1,3,0
779,42,1,3,0
780,42,1,5,0
781,42,31,4,0
782,42,32,2,0
783,41,2,35,1
784,41,2,47,1
785,44,3,5,0
786,3,300,0,0
787,42,31,3,0
788,17,50,0,0
789,34,2,22,2
790,40,0,0,0
791,44,3,3,0
792,42,2,1,0
793,42,2,2,0
794,42,2,4,0
795,42,2,5,0
796,42,16,1,0
797,42,16,4,0
798,42,16,5,0
799,3,400,0,0
800,42,4,6,0
801,34,0,65,3
802,34,2,65,2
803,44,3,7,0
804,46,1,32,1
805,46,1,64,1
806,5,2,0,0
807,2,70,0,0
808,2,50,0,0
809,44,3,7,0
810,3,300,0,0
811,3,400,0,0
812,34,0,22,5
813,3,733,0,0
814,44,1,4,0
815,34,2,22,3
816,38,1328,1,0
817,41,2,48,1
818,42,4,5,0
819,41,2,36,2
820,41,2,34,2
821,41,0,49,1
822,41,0,20,1
823,41,0,36,1
824,41,0,34,1
836,41,0,50,1
837,3,300,0,0
838,3,400,0,0
839,34,0,70,1
840,34,0,70,2
841,34,0,70,3
842,34,0,70,4
843,34,0,70,5
844,34,0,70,6
845,34,0,70,7
846,41,0,51,1
847,41,0,52,1
848,41,0,53,1
849,34,2,4,1
850,34,2,33,1
851,34,0,71,2
852,34,0,35,2
853,34,0,29,1
854,34,0,29,2
855,34,0,29,3
856,34,0,29,4
857,34,0,29,5
858,34,0,29,6
859,34,0,29,7
860,41,0,54,1
861,41,2,54,1
862,34,2,72,2
863,34,2,72,3
864,3,400,0,0
865,34,1,72,1
866,1,88,0,0
867,5,6,0,0
868,34,2,21,2
869,34,2,21,3
870,34,2,43,2
871,34,2,43,3
872,34,0,73,1
873,34,0,73,2
874,34,0,73,3
875,34,0,73,4
876,34,0,73,5
877,34,0,73,6
878,34,0,73,7
879,34,2,31,2
880,34,2,31,3
881,41,0,55,1
882,3,300,0,0
883,34,2,74,2
884,39,32,0,0
885,41,0,56,1
886,41,0,37,1
887,2,58,0,0
888,24,0,0,0
889,3,400,0,0
890,44,2,6,0
891,1,59,0,0
892,34,0,48,1
893,34,0,48,2
894,34,0,48,3
895,34,0,48,4
896,34,0,48,5
897,34,0,48,6
898,34,0,48,7
899,34,1,70,1
900,46,2,64,3
901,34,2,48,3
902,41,2,55,1
903,41,2,2,2
904,41,2,57,2
905,48,2,0,0
906,1,70,0,0
907,34,0,30,2
908,41,0,58,1
909,3,400,0,0
910,41,0,36,1
911,41,1,13,1
912,41,2,13,1
913,2,30,0,0
914,3,300,0,0
915,55,0,0,0
916,38,1040,1,0
917,38,256,0,0
918,34,2,56,2
919,3,240,0,0
920,44,1,3,0
921,3,300,0,0
922,3,300,0,0
923,24,0,0,0
924,40,0,0,0
925,3,300,0,0
926,3,300,0,0
927,34,1,38,1
928,41,1,59,1
929,16,2,0,0
930,5,4,0,0
931,1,50,0,0
932,41,1,8,1
933,44,3,1,0
934,39,32,0,0
935,41,0,13,1
936,3,300,0,0
937,41,2,13,1
938,2,58,0,0
939,3,450,0,0
940,41,2,31,1
941,39,64,0,0
942,3,300,0,0
943,19,1,0,0
944,19,2,0,0
945,19,0,0,0
946,34,0,21,1
947,34,0,21,2
948,34,0,21,3
949,34,0,21,4
950,34,0,21,5
951,34,0,21,6
952,34,0,21,7
953,34,2,21,2
954,34,0,17,1
955,41,0,17,1
956,3,300,0,0
957,43,0,0,0
958,3,400,0,0
959,44,5,4,0
960,34,0,14,2
961,44,5,4,0
962,16,2,0,0
963,39,64,0,0
964,18,30,0,0
965,39,32,0,0
966,46,1,64,1
967,3,400,0,0
968,16,2,0,0
969,15,2,0,0
970,39,32,0,0
971,19,1,0,0
972,19,2,0,0
973,46,1,64,1
974,24,0,0,0
975,41,1,31,1
976,46,1,32,1
977,41,1,13,1
978,1,50,0,0
979,3,240,0,0
980,3,100,0,0
981,24,0,0,0
982,34,0,15,1
983,34,0,15,2
984,34,0,15,3
985,34,0,15,4
986,34,0,15,5
987,3,400,0,0
988,41,2,31,1
989,3,240,0,0
990,3,300,0,0
991,43,0,0,0
992,24,0,0,0
993,34,0,4,1
994,34,0,4,2
995,34,0,4,3
996,34,0,4,4
997,34,0,4,5
998,34,0,4,6
999,34,0,4,7
1000,2,50,0,0
1001,2,18,0,0
1002,19,0,0,0
1003,19,1,0,0
1004,19,2,0,0
1005,34,1,14,1
1006,1,20,0,0
1007,2,20,0,0
1008,2,30,0,0
1009,3,600,0,0
1010,16,2,0,0
1011,15,2,0,0
1012,41,1,31,1
1013,19,1,0,0
1014,19,2,0,0
1015,5,2,0,0
1016,44,1,4,0
1017,1,30,0,0
1018,2,29,0,0
1019,47,0,0,0
1020,3,400,0,0
1021,46,1,64,1
1022,34,1,14,1
1023,3,300,0,0
1024,3,800,0,0
1025,1,30,0,0
1026,3,300,0,0
1027,3,400,0,0
1028,5,4,0,0
1029,34,1,6,1
1030,42,63,6,0
1031,34,0,6,1
1032,34,0,6,2
1033,34,0,6,3
1034,34,0,6,4
1035,34,0,6,5
1036,34,0,6,6
1037,34,0,6,7
1038,41,2,17,1
1039,42,16,6,0
1040,41,0,17,1
1041,5,5,0,0
1042,16,2,0,0
1043,3,300,0,0
1044,24,0,0,0
1045,19,0,0,0
1046,19,1,0,0
1047,19,2,0,0
1048,3,400,0,0
1049,38,256,0,0
1050,34,2,27,1
1051,34,2,27,2
1052,34,2,27,3
1053,3,400,0,0
1054,2,80,0,0
1055,3,300,0,0
1056,19,0,0,0
1057,19,1,0,0
1058,19,2,0,0
1059,44,1,3,0
1060,2,76,0,0
1061,24,0,0,0
1062,2,80,0,0
1063,34,0,6,1
1064,34,0,6,2
1065,34,0,6,3
1066,34,0,6,4
1067,34,0,6,5
1068,34,0,6,6
1069,34,0,6,7
1070,34,2,17,2
1071,41,0,22,1
1072,41,2,22,1
1073,3,300,0,0
1074,41,0,23,1
1075,41,2,23,1
1076,41,2,9,1
1077,41,2,10,1
1078,34,1,5,1
1079,34,1,51,1
1080,3,400,0,0
1081,3,300,0,0
1082,16,2,0,0
1083,15,2,0,0
1084,25,0,0,0
1085,44,2,3,0
1086,3,400,0,0
1087,38,16,0,0
1088,38,32,0,0
1089,38,256,0,0
1090,38,1024,0,0
1091,34,2,38,3
1092,2,59,0,0
1093,5,5,0,0
1094,44,2,6,0
1095,34,0,21,1
1096,34,0,21,2
1097,34,0,21,3
1098,34,0,21,4
1099,30,0,0,0
1100,3,400,0,0
1101,1,80,0,0
1102,1,40,0,0
1103,1,60,0,0
1104,3,200,0,0
1105,41,1,13,1
1106,41,1,17,1
1107,41,1,18,1
1108,41,2,19,1
1109,41,1,56,1
1110,41,2,15,1
1111,41,2,16,1
1112,3,400,0,0
1113,16,2,0,0
1114,15,2,0,0
1115,38,16,0,0
1116,3,300,0,0
1117,40,0,0,0
1118,43,0,0,0
1119,1,60,0,0
1120,1,80,0,0
1121,2,80,0,0
1122,30,0,0,0
1123,24,0,0,0
1124,42,63,3,0
1125,42,63,5,0
1126,42,63,7,0
1127,46,1,32,1
1128,46,1,64,1
1129,2,30,0,0
1130,3,300,0,0
1131,16,2,0,0
1132,15,2,0,0
1133,2,90,0,0
1134,38,1328,1,0
1135,34,0,61,2
1136,34,0,61,3
1137,34,0,61,4
1138,34,0,61,5
1139,34,0,61,6
1140,34,0,61,7
1141,38,256,0,0
1142,38,1024,0,0
1143,34,0,42,1
1144,34,0,42,2
1145,34,0,42,3
1146,34,0,42,4
1147,34,0,42,5
1148,34,0,42,6
1149,34,0,42,7
1150,3,300,0,0
1151,34,2,42,3
1152,3,400,0,0
1153,34,2,42,2
1154,43,0,0,0
1155,42,1,2,0
1156,42,2,2,0
1157,42,4,2,0
1158,42,8,2,0
1159,42,16,2,0
1160,38,16,0,0
1161,38,32,0,0
1162,38,1024,0,0
1163,38,256,0,0
1165,34,0,30,2
1168,34,0,31,2
1170,40,0,0,0
1171,39,64,0,0
1172,34,1,24,1
1173,34,2,61,2
1174,34,2,61,3
1175,24,0,0,0
1176,2,60,0,0
1177,30,0,0,0
1178,3,400,0,0
1179,38,1328,1,0
1180,42,63,7,0
1181,42,63,8,0
1182,2,35,0,0
1183,17,35,0,0
1184,3,400,0,0
1185,2,39,0,0
1186,16,2,0,0
1187,15,3,0,0
1188,1,58,0,0
1189,42,63,5,0
1190,42,1,5,0
1191,42,63,8,0
1192,2,58,0,0
1193,47,0,0,0
1194,5,2,0,0
1195,3,300,0,0
1196,39,32,0,0
1197,41,2,60,2
1198,1,35,0,0
1199,24,0,0,0
1200,43,0,0,0
1201,34,1,65,1
1202,5,2,0,0
1203,3,300,0,0
1204,34,1,17,1
1205,34,1,5,1
1206,34,0,1,1
1207,34,0,1,2
1208,34,0,1,3
1209,34,0,1,4
1210,34,0,1,5
1211,34,0,1,6
1212,34,0,1,7
1213,34,2,1,2
1214,34,2,1,3
1215,1,30,0,0
1216,38,256,0,0
1217,42,63,3,0
1218,42,63,5,0
1219,3,400,0,0
1220,42,63,7,0
1221,45,2,19,12
1222,34,1,30,1
1223,34,2,61,2
1224,3,300,0,0
1225,2,80,0,0
1226,34,2,61,2
1227,3,300,0,0
1228,2,80,0,0
1229,3,400,0,0
1230,24,0,0,0
1231,2,77,0,0
1232,5,2,0,0
1234,34,1,9,1
1235,44,3,6,0
1236,34,0,8,1
1237,34,0,8,2
1238,34,0,8,3
1239,34,0,8,4
1240,34,0,8,5
1241,34,0,8,6
1242,34,0,8,7
1243,19,0,0,0
1244,24,0,0,0
1245,3,400,0,0
1246,34,0,52,1
1247,34,0,52,2
1248,34,0,52,3
1249,34,0,52,4
1250,34,0,52,5
1251,34,0,52,6
1252,34,0,52,7
1253,3,300,0,0
1254,46,2,64,2
1255,46,2,64,3
1256,42,63,5,0
1257,42,63,7,0
1258,1,50,0,0
1259,3,300,0,0
1260,40,0,0,0
1261,2,50,0,0
1262,46,2,64,2
1263,46,2,64,3
1264,43,0,0,0
1265,24,0,0,0
1266,42,63,3,0
1267,42,63,5,0
1268,42,63,7,0
1269,1,50,0,0
1270,3,300,0,0
1271,16,2,0,0
1272,15,2,0,0
1273,3,400,0,0
1274,3,600,0,0
1275,24,0,0,0
1276,41,2,17,1
1277,41,2,13,1
1278,2,50,0,0
1279,18,50,0,0
1280,16,2,0,0
1281,5,3,0,0
1282,3,666,0,0
1283,3,800,0,0
1284,3,300,0,0
1285,42,63,2,0
1286,25,0,0,0
1287,42,63,6,0
1288,18,80,0,0
1289,42,63,2,0
1290,42,63,3,0
1291,42,63,4,0
1292,42,63,5,0
1293,42,63,6,0
1294,42,63,7,0
1295,5,1,0,0
1296,5,2,0,0
1297,5,3,0,0
1298,5,4,0,0
1299,5,5,0,0
1300,5,6,0,0
1301,42,63,7,0
1302,41,0,13,1
1304,3,300,0,0
1305,41,0,17,1
1306,3,533,0,0
1307,3,300,0,0
1308,44,1,4,0
1309,40,0,0,0
1310,34,1,16,1
1311,24,0,0,0
1312,34,1,17,1
1313,3,300,0,0
1314,41,1,17,1
1315,3,450,0,0
1316,42,32,2,0
1317,41,1,13,1
1318,30,0,0,0
1319,2,59,0,0
1320,2,40,0,0
1321,41,2,13,1
1322,41,2,17,1
1324,42,63,5,0
1325,3,800,0,0
1326,15,2,0,0
1327,3,300,0,0
1328,3,400,0,0
1329,34,0,15,1
1330,34,0,15,2
1331,34,0,15,3
1332,34,0,15,4
1333,34,0,15,5
1334,41,0,61,1
1335,41,2,62,1
1336,30,0,0,0
1337,24,0,0,0
1338,41,0,32,1
1339,43,0,0,0
1340,16,2,0,0
1341,15,2,0,0
1342,34,2,49,2
1343,38,256,0,0
1344,38,1024,0,0
1345,38,16,0,0
1346,38,32,0,0
1347,34,0,11,5
1348,2,70,0,0
1349,34,0,11,3
1350,2,85,0,0
1351,34,0,49,1
1352,34,0,49,2
1353,34,0,49,3
1354,34,0,49,4
1355,34,0,49,5
1356,3,300,0,0
1357,42,63,3,0
1358,3,400,0,0
1359,42,63,6,0
1360,2,88,0,0
1361,19,0,0,0
1362,19,1,0,0
1363,19,2,0,0
1364,43,0,0,0
1365,41,0,17,1
1366,41,2,17,1
1367,41,0,63,1
1368,34,0,15,1
1369,34,0,15,2
1370,34,0,15,3
1371,34,0,15,4
1372,34,0,15,5
1373,44,3,6,0
1374,34,2,38,3
1375,30,0,0,0
1376,16,3,0,0
1377,15,3,0,0
1378,3,400,0,0
1379,51,5,0,0
1380,51,4,0,0
1381,51,5,0,0
1382,19,0,0,0
1383,19,1,0,0
1384,19,2,0,0
1385,34,1,72,1
1386,34,1,8,1
1387,16,2,0,0
1388,3,400,0,0
1389,18,50,0,0
1390,15,2,0,0
1391,24,0,0,0
1392,25,0,0,0
1393,46,1,32,1
1394,46,1,32,2
1395,46,1,32,3
1396,46,1,32,4
1397,46,1,32,5
1398,46,1,32,6
1399,46,1,32,7
1400,44,3,3,0
1401,15,3,0,0
1402,44,3,6,0
1403,46,1,32,1
1404,1,80,0,0
1405,34,2,79,2
1406,3,300,0,0
1407,43,0,0,0
1408,2,60,0,0
1409,1,60,0,0
1410,49,1,0,0
1411,34,2,33,2
1412,34,2,68,2
1413,42,63,3,0
1414,44,3,7,0
1415,5,3,0,0
1416,2,50,0,0
1417,1,50,0,0
1418,19,0,0,0
1419,24,0,0,0
1420,3,450,0,0
1421,3,600,0,0
1422,42,63,3,0
1423,42,63,3,0
1424,42,63,5,0
1425,30,0,0,0
1426,1,50,0,0
1427,24,0,0,0
1428,5,7,0,0
1429,41,2,34,1
1430,41,0,34,1
1431,43,0,0,0
1432,34,2,30,2
1433,40,0,0,0
1434,41,0,36,1
1435,41,2,36,1
1436,44,1,3,0
1437,2,50,0,0
1438,16,2,0,0
1439,3,400,0,0
1440,3,300,0,0
1441,15,2,0,0
1442,15,3,0,0
1443,42,63,3,0
1444,51,3,0,0
1445,44,4,2,0
1446,44,4,4,0
1447,44,4,6,0
1448,44,2,5,0
1449,46,1,32,1
1450,46,1,64,1
1451,46,2,32,1
1452,46,2,64,2
1453,44,2,10,0
1454,41,0,35,1
1455,41,2,35,1
1456,44,3,5,0
1457,40,0,0,0
1458,5,2,0,0
1459,34,2,57,2
1460,34,2,57,3
1461,46,1,64,1
1462,3,400,0,0
1463,3,600,0,0
1464,3,666,0,0
1465,3,400,0,0
1466,3,600,0,0
1467,40,0,0,0
1468,19,2,0,0
1469,5,6,0,0
1470,1,58,0,0
1471,5,4,0,0
1472,16,2,0,0
1473,18,59,0,0
1474,3,300,0,0
1475,3,450,0,0
1476,16,2,0,0
1477,5,4,0,0
1478,34,1,16,1
1479,34,0,15,1
1480,34,0,15,2
1481,34,0,15,3
1482,34,0,15,4
1483,34,0,15,5
1484,34,0,15,6
1485,3,300,0,0
1486,42,32,1,0
1487,42,32,3,0
1488,19,0,0,0
1489,19,1,0,0
1490,19,2,0,0
1491,39,64,0,0
1492,5,3,0,0
1493,3,150,0,0
1494,3,225,0,0
1495,3,300,0,0
1496,38,16,0,0
1497,34,2,24,3
1498,34,2,7,3
1499,3,400,0,0
1500,43,0,0,0
1501,40,0,0,0
1502,46,1,32,1
1503,34,2,22,2
1504,34,2,79,2
1505,3,300,0,0
1506,19,0,0,0
1507,43,0,0,0
1508,24,0,0,0
1509,46,1,32,1
1510,1,50,0,0
1511,41,2,31,1
1512,34,1,5,1
1513,34,1,17,1
1515,38,1024,0,0
1516,1,50,0,0
1517,44,1,5,0
1518,44,3,5,0
1519,37,50,2,0
1520,1,30,0,0
1523,3,400,0,0
1524,34,0,76,1
1525,34,0,76,2
1526,34,0,76,3
1527,34,0,76,4
1528,34,0,76,5
1529,34,0,76,6
1530,34,0,76,7
1531,34,2,76,3
1532,3,300,0,0
1533,46,2,16,3
1534,3,300,0,0
1535,34,2,8,3
1537,3,450,0,0
1538,34,2,19,2
1539,19,0,0,0
1540,34,2,87,2
1541,44,3,5,0
1542,5,2,0,0
1543,34,2,19,3
1544,1,0,0,0
1545,37,50,4,0
1546,34,0,17,1
1547,34,0,17,2
1548,34,0,17,3
1549,34,0,17,4
1550,34,0,17,5
1551,34,0,17,6
1552,34,0,17,7
1553,34,0,17,1
1554,34,0,17,2
1555,34,0,17,3
1556,34,0,17,4
1557,34,0,17,5
1558,34,0,17,6
1559,34,0,17,7
1560,34,2,31,2
1561,3,400,0,0
1562,35,126976,0,0
1563,35,4063232,0,0
1564,25,0,0,0
1565,34,0,26,1
1566,34,0,26,2
1567,34,0,26,3
1568,34,0,26,4
1569,34,0,26,5
1570,34,0,26,6
1571,34,0,26,7
1572,34,1,19,1
1573,24,0,0,0
1574,46,2,32,3
1575,2,59,0,0
1576,34,2,20,2
1577,40,0,0,0
1578,44,5,6,0
1579,5,4,0,0
1580,2,59,0,0
1581,24,0,0,0
1582,34,1,41,1
1583,3,400,0,0
1584,24,0,0,0
1585,44,3,5,0
1586,3,400,0,0
1587,24,0,0,0
1588,44,3,5,0
1589,34,0,10,2
1590,3,400,0,0
1591,3,600,0,0
1592,3,800,0,0
1593,24,0,0,0
1594,44,3,5,0
1595,49,2,0,0
1596,44,1,5,0
1597,40,0,0,0
1598,44,3,5,0
1599,44,5,3,0
1600,44,5,6,0
1601,1,77,0,0
1602,24,0,0,0
1603,34,1,41,1
1604,2,50,0,0
1605,34,2,53,1
1606,34,2,53,2
1607,1,20,0,0
1608,1,40,0,0
1609,1,60,0,0
1610,1,80,0,0
1611,3,450,0,0
1612,2,80,0,0
1613,2,60,0,0
1614,2,40,0,0
1615,3,400,0,0
1616,3,600,0,0
1617,34,0,25,1
1618,34,0,25,2
1619,34,0,25,3
1620,34,0,25,4
1621,34,0,25,5
1622,34,0,25,6
1623,34,0,25,7
1624,34,2,72,3
1625,19,0,0,0
1626,45,2,72,13
1627,45,2,72,63
1628,45,2,72,65
1629,41,2,66,1
1630,41,2,67,1
1631,41,2,65,1
1632,42,63,3,0
1633,42,63,5,0
1634,42,63,7,0
1635,3,300,0,0
1636,16,2,0,0
1637,44,2,5,0
1640,42,63,3,0
1641,3,300,0,0
1642,42,63,5,0
1643,34,1,73,1
1644,34,0,73,1
1645,34,0,73,2
1646,34,0,73,3
1647,34,0,73,4
1648,16,2,0,0
1649,3,300,0,0
1650,40,0,0,0
1651,51,7,0,0
1652,38,256,0,0
1653,40,0,0,0
1654,41,1,13,1
1655,46,1,64,1
1656,1,50,0,0
1657,1,80,0,0
1658,3,600,0,0
1659,2,50,0,0
1660,2,30,0,0
1661,5,3,0,0
1662,2,50,0,0
1663,34,0,72,1
1664,34,0,72,2
1665,34,0,72,3
1666,34,0,72,4
1667,34,0,72,5
1668,34,0,72,6
1669,34,0,72,7
1670,34,2,25,3
1671,30,0,0,0
1672,34,0,11,4
1673,34,0,4,4
1674,5,4,0,0
1675,43,0,0,0
1676,44,5,3,0
1677,2,77,0,0
1680,34,0,41,2
1681,44,2,10,0
1682,44,2,8,0
1683,34,0,30,2
1684,41,2,2,1
1685,38,1280,1,0
1686,2,58,0,0
1687,1,60,0,0
1688,2,60,0,0
1689,47,0,0,0
1690,5,4,0,0
1691,30,0,0,0
1692,34,2,29,2
1693,34,2,29,3
1694,16,2,0,0
1695,15,2,0,0
1696,39,64,0,0
1697,44,5,6,0
1698,44,5,9,0
1699,3,300,0,0
1700,41,0,2,1
1701,41,2,2,1
1702,34,2,33,2
1703,34,2,33,3
1704,34,0,4,1
1705,34,0,4,2
1706,41,0,17,1
1707,41,2,17,1
1708,34,0,4,3
1709,34,0,4,4
1710,34,0,4,5
1711,34,0,4,6
1712,34,0,4,7
1713,38,16,0,0
1714,38,32,0,0
1715,38,1024,0,0
1716,38,256,0,0
1718,46,1,32,1
1719,34,1,17,1
1720,2,50,0,0
1721,34,2,29,2
1722,2,80,0,0
1723,2,50,0,0
1724,16,2,0,0
1725,15,2,0,0
1726,38,16,0,0
1727,38,32,0,0
1728,16,2,0,0
1729,15,2,0,0
1730,34,1,5,1
1731,34,1,17,1
1732,34,0,41,1
1733,34,0,41,2
1734,34,0,41,3
1735,34,0,41,4
1736,34,0,41,5
1737,34,0,41,6
1738,34,0,41,7
1739,41,0,14,1
1740,41,1,13,1
1741,3,600,0,0
1742,44,1,3,0
1743,44,3,7,0
1744,3,800,0,0
1745,15,2,0,0
1746,3,300,0,0
1747,44,2,3,0
1748,42,63,7,0
1749,34,2,29,2
1750,34,2,29,3
1751,16,2,0,0
1752,2,50,0,0
1753,41,2,68,2
1754,5,4,0,0
1755,44,3,7,0
1756,47,0,0,0
1757,2,80,0,0
1758,2,60,0,0
1759,2,40,0,0
1760,2,20,0,0
1761,34,0,24,1
1762,34,0,24,2
1763,34,0,24,3
1764,34,0,24,4
1765,34,0,24,5
1766,1,40,0,0
1767,41,2,68,3
1768,19,0,0,0
1769,41,2,68,2
1770,42,32,3,0
1771,41,2,69,1
1772,41,2,70,1
1773,41,2,71,1
1774,41,2,57,1
1775,41,2,72,1
1776,3,300,0,0
1777,34,0,4,1
1778,5,4,0,0
1779,3,300,0,0
1780,42,63,3,0
1781,42,63,5,0
1782,42,63,7,0
1783,41,2,2,1
1784,5,4,0,0
1785,2,20,0,0
1786,44,3,8,0
1787,2,59,0,0
1788,3,400,0,0
1789,2,80,0,0
1790,3,400,0,0
1791,3,300,0,0
1792,44,3,5,0
1793,49,2,0,0
1794,46,2,32,3
1795,46,1,64,1
1796,1,80,0,0
1797,46,0,32,1
1798,46,0,32,2
1799,46,0,32,3
1800,46,0,32,4
1801,46,0,32,5
1802,46,0,32,6
1803,38,16,0,0
1804,38,32,0,0
1805,1,59,0,0
1806,2,59,0,0
1807,46,0,32,7
1808,41,0,73,1
1809,41,2,74,1
1810,3,400,0,0
1811,42,63,3,0
1812,42,63,5,0
1813,42,1,3,0
1814,3,400,0,0
1815,42,63,3,0
1816,42,63,5,0
1817,42,2,3,0
1818,3,300,0,0
1819,42,63,3,0
1820,42,63,5,0
1821,42,4,3,0
1822,3,300,0,0
1823,42,63,3,0
1824,42,63,5,0
1825,42,8,3,0
1826,3,300,0,0
1827,42,63,3,0
1828,42,63,5,0
1829,42,16,3,0
1830,44,2,5,0
1831,41,0,30,1
1832,41,1,31,1
1833,40,0,0,0
1834,40,0,0,0
1835,42,32,1,0
1836,42,32,2,0
1837,42,32,3,0
1838,34,0,71,1
1839,34,0,71,2
1840,34,0,71,3
1841,34,0,71,4
1842,34,0,71,5
1843,34,2,49,1
1844,34,2,49,2
1845,34,2,49,3
1846,41,2,75,1
1847,3,300,0,0
1848,5,2,0,0
1849,34,0,49,4
1850,5,4,0,0
1851,2,50,0,0
1852,3,300,0,0
1853,34,2,84,2
1854,42,63,3,0
1855,42,63,8,0
1856,34,2,45,2
1857,34,2,12,1
1860,40,0,0,0
1861,40,0,0,0
1862,48,2,0,0
1863,16,2,0,0
1864,34,1,8,1
1865,42,63,3,0
1866,42,2,3,0
1867,42,2,5,0
1868,44,3,6,0
1869,44,1,4,0
1870,24,0,0,0
1871,19,0,0,0
1872,24,0,0,0
1873,34,0,61,1
1874,34,0,61,2
1875,34,0,61,3
1876,34,0,61,4
1877,15,1,0,0
1878,15,2,0,0
1879,15,3,0,0
1880,40,0,0,0
1881,15,4,0,0
1882,15,5,0,0
1883,43,0,0,0
1884,34,0,61,2
1885,34,0,61,3
1886,34,0,61,4
1887,34,0,61,5
1888,34,0,61,6
1889,34,0,61,7
1890,38,256,0,0
1891,38,1024,0,0
1892,34,0,26,1
1893,34,0,26,2
1894,34,0,26,3
1895,34,0,26,4
1896,34,0,26,5
1897,34,0,26,6
1898,34,0,26,7
1899,3,400,0,0
1900,38,48,1,0
1901,3,300,0,0
1902,40,0,0,0
1903,34,0,42,4
1904,2,50,0,0
1905,43,0,0,0
1906,34,0,42,1
1907,34,0,42,2
1908,34,0,42,3
1909,34,0,42,4
1910,34,0,42,5
1911,38,256,0,0
1912,2,50,0,0
1913,3,300,0,0
1914,46,2,32,3
1915,34,2,42,3
1916,34,2,20,3
1917,44,3,7,0
1918,41,2,17,1
1919,34,2,60,3
1920,44,1,5,0
1921,41,2,13,1
1922,46,2,64,3
1923,34,2,61,3
1924,30,0,0,0
1925,46,0,64,7
1926,34,1,8,1
1927,34,0,61,1
1928,34,0,61,2
1929,34,0,61,3
1930,34,0,61,4
1931,34,0,61,5
1932,2,30,0,0
1933,15,2,0,0
1934,40,0,0,0
1935,44,2,5,0
1936,44,3,5,0
1937,5,2,0,0
1938,46,0,64,7
1939,5,4,0,0
1940,44,3,5,0
1941,3,300,0,0
1942,18,75,0,0
1943,18,50,0,0
1944,38,1072,1,0
1945,34,0,61,3
1946,1,50,0,0
1947,1,70,0,0
1948,1,90,0,0
1949,34,2,60,2
1950,34,0,60,3
1951,3,300,0,0
1952,34,2,61,2
1953,38,1024,0,0
1954,34,2,42,2
1955,38,16,0,0
1956,38,32,0,0
1957,38,256,0,0
1958,51,5,0,0
1959,34,0,89,6
1960,43,0,0,0
1961,40,0,0,0
1962,19,2,0,0
1963,3,300,0,0
1964,44,5,4,0
1965,34,2,89,3
1966,5,4,0,0
1967,34,2,89,2
1968,2,40,0,0
1969,24,0,0,0
1970,34,1,17,1
1971,34,1,5,1
1972,5,4,0,0
1973,2,80,0,0
1974,46,0,64,1
1975,46,0,64,2
1976,46,0,64,3
1977,46,0,64,4
1978,46,0,64,5
1979,34,2,62,2
1980,42,63,5,0
1981,5,3,0,0
1982,2,58,0,0
1983,34,0,57,1
1984,3,300,0,0
1985,19,0,0,0
1986,19,1,0,0
1987,34,0,30,1
1988,41,2,34,1
1989,19,2,0,0
1990,34,0,31,1
1991,41,2,36,1
1992,42,63,1,0
1993,42,63,2,0
1994,42,63,3,0
1995,42,63,4,0
1996,42,63,5,0
1997,42,63,6,0
1998,42,63,7,0
1999,40,0,0,0
2000,44,1,3,0
2001,3,400,0,0
2002,1,50,0,0
2003,34,1,21,1
2004,34,0,87,2
2005,40,0,0,0
2006,3,666,0,0
2007,3,800,0,0
2008,34,0,40,2
2009,24,0,0,0
2010,44,3,7,0
2011,2,30,0,0
2012,42,63,3,0
2013,42,63,5,0
2014,42,63,7,0
2015,34,0,88,2
2016,34,0,88,3
2017,34,0,88,4
2018,34,0,88,5
2019,34,0,88,6
2020,34,0,88,7
2021,16,2,0,0
2022,15,2,0,0
2023,43,0,0,0
2024,5,2,0,0
2025,34,2,88,3
2026,5,5,0,0
2027,16,2,0,0
2030,3,300,0,0
2031,41,2,77,1
2032,3,300,0,0
2033,41,2,76,1
2034,34,2,30,1
2035,34,2,30,2
2036,34,2,30,3
2037,51,3,0,0
2038,51,5,0,0
2039,3,300,0,0
2040,19,2,0,0
2041,5,4,0,0
2042,44,3,10,0
2043,44,3,5,0
2044,3,300,0,0
2045,44,3,10,0
2046,3,600,0,0
2047,34,2,89,1
2048,34,2,89,2
2049,34,2,89,3
2050,16,2,0,0
2051,15,2,0,0
2052,38,256,0,0
2053,1,58,0,0
2054,34,1,21,1
2055,51,4,0,0
2056,2,58,0,0
2057,1,59,0,0
2058,3,400,0,0
2059,2,40,0,0
2060,3,800,0,0
2061,42,32,1,0
2062,42,32,2,0
2063,42,32,3,0
2064,42,32,4,0
2065,42,32,5,0
2066,34,2,3,2
2067,43,0,0,0
2068,16,2,0,0
2069,15,2,0,0
2070,44,1,3,0
2071,3,300,0,0
2072,34,1,3,1
2073,34,2,3,2
2074,38,48,1,0
2075,5,5,0,0
2076,38,1024,0,0
2077,41,0,44,1
2078,41,2,44,1
2079,19,0,0,0
2080,3,300,0,0
2081,41,1,31,1
2082,19,2,0,0
2083,15,2,0,0
2084,15,3,0,0
2085,40,0,0,0
2086,2,70,0,0
2087,44,3,3,0
2088,46,1,32,1
2089,46,1,64,1
2090,3,300,0,0
2091,3,400,0,0
2092,3,500,0,0
2093,55,5,0,0
2094,3,600,0,0
2095,3,225,0,0
2096,3,300,0,0
2097,4,300,0,0
2098,3,300,0,0
2099,42,63,3,0
2100,42,63,4,0
2101,42,2,7,0
2102,38,256,0,0
2103,3,600,0,0
2109,24,0,0,0
2110,38,16,0,0
2111,38,32,0,0
2112,19,0,0,0
2113,19,1,0,0
2114,19,2,0,0
2115,5,2,0,0
2116,34,1,3,1
2117,34,0,3,1
2118,2,59,0,0
2119,51,6,0,0
2120,3,400,0,0
2121,55,5,0,0
2122,19,0,0,0
2123,19,1,0,0
2124,19,2,0,0
2125,40,0,0,0
2126,3,600,0,0
2127,3,800,0,0
2128,1,50,0,0
2129,54,0,0,0
2130,47,0,0,0
2131,33,80,100,0
2132,33,50,80,0
2133,33,0,50,0
2134,34,2,36,2
2135,34,2,36,3
2136,2,59,0,0
2137,5,4,0,0
2138,34,2,89,2
2139,2,40,0,0
2140,44,3,5,0
2141,44,3,9,0
2142,39,64,0,0
2143,3,300,0,0
2144,49,1,0,0
2145,51,5,0,0
2146,34,1,6,1
2147,34,2,6,2
2148,3,400,0,0
2149,2,59,0,0
2150,24,0,0,0
2151,3,600,0,0
2152,41,2,13,1
2153,41,2,49,1
2154,41,2,69,1
2155,41,2,78,1
2156,41,2,56,1
2157,2,58,0,0
2158,5,4,0,0
2159,34,2,40,2
2160,44,3,5,0
2161,48,2,0,0
2162,48,4,0,0
2163,44,3,8,0
2164,42,63,3,0
2165,42,63,6,0
2166,46,0,32,6
2167,3,300,0,0
2168,44,1,4,0
2169,51,3,0,0
2170,55,3,0,0
2171,44,3,3,0
2172,51,5,0,0
2173,3,300,0,0
2174,34,1,16,1
2175,5,4,0,0
2176,44,3,6,0
2177,3,800,0,0
2178,5,4,0,0
2179,2,50,0,0
2180,55,6,0,0
2181,3,300,0,0
2182,46,2,64,3
2183,3,400,0,0
2184,46,1,32,1
2185,2,70,0,0
2186,2,34,0,0
2187,5,4,0,0
2188,3,300,0,0
2189,41,1,13,1
2190,42,63,3,0
2191,1,70,0,0
2192,3,400,0,0
2193,2,77,0,0
2194,2,70,0,0
2195,3,300,0,0
2196,34,2,33,2
2197,34,0,57,1
2198,1,59,0,0
2199,1,59,0,0
2200,1,50,0,0
2201,3,300,0,0
2202,5,4,0,0
2203,5,4,0,0
2204,51,4,0,0
2205,51,6,0,0
2206,34,2,56,2
2207,34,2,56,3
2208,46,0,32,1
2209,46,0,32,2
2210,46,0,32,3
2211,46,0,32,4
2212,46,0,32,5
2213,46,0,32,6
2214,46,0,32,7
2215,3,400,0,0
2216,3,300,0,0
2217,34,2,40,2
2218,38,16,0,0
2219,38,32,0,0
2220,38,256,0,0
2221,38,1024,0,0
2222,34,2,8,2
2223,34,2,8,3
2224,34,2,40,2
2225,34,2,40,3
2226,34,2,8,2
2227,34,2,8,3
2228,34,2,40,2
2229,34,2,40,3
2230,1,50,0,0
2231,44,2,3,0
2232,34,2,31,2
2233,24,0,0,0
2234,2,40,0,0
2235,3,400,0,0
2236,39,64,0,0
2237,34,0,70,1
2238,34,0,70,2
2239,34,0,70,3
2240,34,0,70,4
2241,34,0,70,5
2242,34,0,70,6
2243,34,0,70,7
2244,16,2,0,0
2245,38,32,0,0
2246,41,0,2,1
2247,43,0,0,0
2248,2,59,0,0
2249,3,300,0,0
2250,2,90,0,0
2251,2,60,0,0
2252,2,30,0,0
2253,34,2,30,2
2254,30,0,0,0
2255,42,16,4,0
2256,42,63,4,0
2257,51,10,0,0
2258,51,9,0,0
2259,51,8,0,0
2260,51,7,0,0
2261,51,6,0,0
2262,51,5,0,0
2263,51,4,0,0
2264,51,3,0,0
2265,51,2,0,0
2266,51,1,0,0
2267,42,16,1,0
2268,42,63,2,0
2269,48,1,0,0
2270,40,0,0,0
2271,15,2,0,0
2272,15,3,0,0
2273,42,32,3,0
2274,46,0,2,1
2275,46,0,1,1
2276,3,300,0,0
2277,2,66,0,0
2278,34,0,27,1
2279,34,0,27,2
2280,34,0,27,3
2281,34,0,27,4
2282,34,0,27,5
2283,34,0,27,6
2284,34,0,27,7
2285,34,0,28,1
2286,34,0,28,2
2287,34,0,28,3
2288,34,0,28,4
2289,34,0,28,5
2290,34,0,28,6
2291,34,0,28,7
2292,34,0,17,1
2293,34,0,17,2
2294,34,0,17,3
2295,34,0,17,4
2296,34,0,17,5
2297,34,0,17,6
2298,34,0,17,7
2299,34,1,6,1
2300,34,1,17,1
2301,5,4,0,0
2302,2,60,0,0
2303,1,30,0,0
2304,1,60,0,0
2305,1,90,0,0
2306,30,0,0,0
2307,34,1,9,1
2308,34,1,85,1
2309,41,2,2,1
2310,5,3,0,0
2311,41,0,23,1
2312,44,1,6,0
2313,41,2,31,1
2314,3,300,0,0
2315,3,400,0,0
2316,34,2,27,2
2317,40,0,0,0
2318,24,0,0,0
2319,34,2,23,2
2320,38,16,0,0
2321,38,32,0,0
2322,38,256,0,0
2323,38,1024,0,0
2324,56,0,0,0
2325,3,400,0,0
2326,19,0,0,0
2328,34,2,74,2
2329,34,2,74,3
2332,51,5,0,0
2333,3,400,0,0
2334,34,2,54,2
2335,34,1,65,1
2336,3,225,0,0
2337,38,1280,1,0
2338,3,300,0,0
2339,1,77,0,0
2340,2,77,0,0
2341,2,40,0,0
2342,33,0,25,0
2343,33,25,50,0
2344,33,50,75,0
2345,33,75,100,0
2346,34,0,34,1
2347,34,0,34,2
2348,34,0,34,3
2349,34,0,34,4
2350,34,0,34,5
2351,34,0,34,6
2352,34,0,34,7
2353,34,2,89,2
2354,51,1,0,0
2355,3,300,0,0
2356,16,2,0,0
2357,19,0,0,0
2358,19,1,0,0
2359,19,2,0,0
2360,5,3,0,0
2361,2,60,0,0
2362,40,0,0,0
2363,3,300,0,0
2364,40,0,0,0
2365,16,2,0,0
2366,3,300,0,0
2367,16,2,0,0
2368,5,3,0,0
2369,2,50,0,0
2370,15,2,0,0
2371,30,0,0,0
2373,16,2,0,0
2374,54,0,0,0
2375,55,4,0,0
2376,54,0,0,0
2377,47,0,0,0
2378,34,2,3,2
2379,34,2,65,1
2380,42,63,3,0
2381,42,63,5,0
2383,42,63,7,0
2384,5,6,0,0
2385,3,300,0,0
2386,34,0,4,1
2387,5,4,0,0
2388,34,2,4,1
2389,3,300,0,0
2390,3,400,0,0
2391,3,600,0,0
2392,16,2,0,0
2393,15,2,0,0
2394,15,3,0,0
2395,15,4,0,0
2396,15,5,0,0
2397,15,6,0,0
2398,15,7,0,0
2399,34,0,89,1
2400,3,300,0,0
2401,34,1,21,1
2402,45,0,19,63
2403,44,3,2,0
2404,44,3,4,0
2405,34,2,47,3
2406,34,2,62,2
2407,43,0,0,0
2408,34,2,2,2
2409,19,0,0,0
2410,19,1,0,0
2411,19,2,0,0
2412,16,2,0,0
2413,15,2,0,0
2414,17,60,0,0
2415,34,0,48,2
2416,2,40,0,0
2417,5,4,0,0
2418,3,300,0,0
2419,15,2,0,0
2420,38,16,0,0
2421,3,300,0,0
2422,1,50,0,0
2423,40,0,0,0
2424,44,2,6,0
2425,41,1,44,1
2426,34,1,30,1
2427,19,0,0,0
2428,19,1,0,0
2429,19,2,0,0
2430,30,0,0,0
2431,19,1,0,0
2432,19,2,0,0
2433,34,2,62,2
2434,34,2,62,3
2435,40,0,0,0
2436,5,5,0,0
2437,5,2,0,0
2438,34,0,51,1
2439,3,225,0,0
2440,34,0,62,5
2441,34,1,11,1
2442,34,2,69,2
2443,2,59,0,0
2444,41,2,13,1
2445,16,2,0,0
2446,3,400,0,0
2447,15,2,0,0
2448,25,0,0,0
2449,15,3,0,0
2450,15,4,0,0
2451,15,5,0,0
2452,15,6,0,0
2453,3,600,0,0
2454,3,700,0,0
2455,5,2,0,0
2456,2,59,0,0
2457,3,240,0,0
2458,3,150,0,0
2459,3,200,0,0
2460,3,250,0,0
2461,3,300,0,0
2462,41,1,13,1
2463,3,600,0,0
2464,3,400,0,0
2465,3,300,0,0
2466,46,0,64,1
2467,46,0,64,2
2468,46,0,64,3
2469,46,0,64,4
2470,46,0,64,5
2471,46,0,64,6
2472,46,0,64,7
2473,46,2,64,3
2474,3,400,0,0
2475,42,63,3,0
2476,42,63,7,0
2477,24,0,0,0
2478,34,1,8,1
2479,5,2,0,0
2480,2,58,0,0
2481,5,4,0,0
2482,41,0,58,1
2483,41,2,63,2
2484,3,300,0,0
2485,34,2,31,2
2486,34,2,31,3
2487,19,0,0,0
2488,19,1,0,0
2489,19,2,0,0
2491,34,0,24,1
2492,34,0,24,2
2493,34,0,24,3
2494,34,2,24,3
2495,34,1,36,1
2496,3,300,0,0
2497,34,1,17,1
2498,34,1,5,1
2499,3,400,0,0
2500,3,300,0,0
2501,43,0,0,0
2502,3,400,0,0
2503,3,600,0,0
2504,19,0,0,0
2505,51,1,0,0
2506,42,31,3,0
2508,55,4,0,0
2509,51,3,0,0
2510,3,800,0,0
2511,34,0,73,1
2512,34,0,73,2
2513,34,0,73,3
2514,34,0,73,4
2515,34,0,73,5
2516,34,0,73,6
2517,34,0,73,7
2518,2,50,0,0
2519,47,0,0,0
2520,5,2,0,0
2521,38,48,1,0
2522,5,5,0,0
2523,3,240,0,0
2524,34,2,19,2
2525,3,300,0,0
2526,58,0,0,0
2527,34,1,19,1
2528,34,1,26,1
2529,5,4,0,0
2530,60,37,0,0
2531,59,1,0,0
2532,49,2,0,0
2533,34,1,19,1
2534,34,1,26,1
2535,34,2,19,2
2536,34,2,19,3
2537,3,300,0,0
2538,55,0,0,0
2539,34,1,8,1
2540,19,0,0,0
2541,19,1,0,0
2542,19,2,0,0
2543,34,0,19,2
2544,3,666,0,0
2545,24,0,0,0
2546,34,0,8,2
2547,2,70,0,0
2548,42,2,4,0
2549,3,240,0,0
2550,44,1,2,0
2551,3,300,0,0
2552,2,50,0,0
2553,3,240,0,0
2554,43,0,0,0
2555,46,1,32,1
2556,3,300,0,0
2557,55,4,0,0
2558,55,6,0,0
2559,34,1,19,1
2560,34,2,19,2
2561,16,2,0,0
2562,18,50,0,0
2563,59,1,0,0
2564,3,300,0,0
2565,34,0,60,2
2566,34,1,2,1
2567,2,50,0,0
2568,5,3,0,0
2569,1,50,0,0
2570,3,300,0,0
2571,34,0,4,5
2572,46,1,16,1
2573,43,0,0,0
2574,3,300,0,0
2575,38,16,0,0
2576,38,32,0,0
2577,38,256,0,0
2578,38,1024,0,0
2579,34,0,4,5
2580,46,1,8,1
2581,2,78,0,0
2582,34,2,19,2
2583,34,2,19,3
2584,34,0,38,4
2585,3,300,0,0
2586,3,400,0,0
2587,41,1,8,1
2588,44,2,5,0
2589,5,4,0,0
2590,51,3,0,0
2591,40,0,0,0
2592,5,2,0,0
2593,1,60,0,0
2594,3,400,0,0
2595,2,40,0,0
2596,1,70,0,0
2597,3,300,0,0
2598,40,0,0,0
2599,3,300,0,0
2600,1,50,0,0
2601,2,50,0,0
2602,3,225,0,0
2603,42,63,4,0
2604,42,63,5,0
2605,42,63,6,0
2606,3,400,0,0
2607,2,90,0,0
2608,44,3,5,0
2609,44,2,2,0
2610,3,300,0,0
2611,16,2,0,0
2612,34,1,73,1
2613,34,2,48,3
2614,34,2,73,3
2615,34,2,78,3
2616,3,300,0,0
2617,38,1024,0,0
2618,38,256,0,0
2619,55,3,0,0
2620,42,63,4,0
2621,3,300,0,0
2622,48,1,0,0
2623,34,1,19,1
2624,2,70,0,0
2625,51,3,0,0
2626,34,2,8,3
2627,39,64,0,0
2628,39,32,0,0
2629,3,400,0,0
2630,3,225,0,0
2631,55,7,0,0
2632,3,225,0,0
2633,55,7,0,0
2634,34,0,81,5
2635,34,1,8,1
2636,44,2,6,0
2637,3,300,0,0
2638,19,1,0,0
2639,19,2,0,0
2640,3,400,0,0
2641,5,4,0,0
2642,51,1,0,0
2643,19,0,0,0
2644,42,63,5,0
2645,55,4,0,0
2646,3,600,0,0
2647,3,666,0,0
2648,55,4,0,0
2649,57,3,0,0
2650,3,800,0,0
2651,59,2,0,0
2652,3,400,0,0
2653,2,70,0,0
2654,41,2,12,1
2656,1,58,0,0
2657,41,0,12,1
2658,34,1,21,1
2659,34,1,19,1
2660,34,2,8,3
2661,44,3,6,0
2662,55,5,0,0
2663,41,0,11,1
2664,41,1,8,1
2665,2,85,0,0
2666,2,58,0,0
2667,34,2,19,3
2668,41,0,27,1
2669,34,1,19,1
2670,41,1,28,1
2671,41,1,29,1
2672,46,1,32,1
2673,1,60,0,0
2674,3,33,0,0
2675,3,66,0,0
2676,3,100,0,0
2677,3,133,0,0
2678,3,166,0,0
2679,3,200,0,0
2680,3,233,0,0
2681,3,266,0,0
2682,3,300,0,0
2683,3,333,0,0
2684,3,366,0,0
2685,3,400,0,0
2686,3,433,0,0
2687,3,466,0,0
2688,3,500,0,0
2689,3,533,0,0
2690,3,566,0,0
2691,3,600,0,0
2692,3,633,0,0
2693,3,666,0,0
2694,3,733,0,0
2695,25,0,0,0
2696,1,66,0,0
2697,3,300,0,0
2698,42,63,7,0
2699,42,63,6,0
2700,42,63,5,0
2701,42,63,3,0
2702,42,63,23,0
2703,55,2,0,0
2704,34,1,17,1
2705,34,1,5,1
2706,3,400,0,0
2707,1,40,0,0
2708,2,40,0,0
2709,3,400,0,0
2710,1,50,0,0
2711,34,1,21,1
2712,41,1,8,1
2713,34,2,79,2
2714,3,350,0,0
2715,3,400,0,0
2716,3,450,0,0
2717,3,500,0,0
2718,3,300,0,0
2719,2,30,0,0
2720,38,256,0,0
2721,3,300,0,0
2722,16,2,0,0
2723,34,1,24,1
2724,44,3,5,0
2725,34,1,65,1
2726,38,304,1,0
2727,55,2,0,0
2728,3,300,0,0
2729,55,5,0,0
2730,55,8,0,0
2731,34,2,4,2
2732,38,1024,0,0
2733,38,48,1,0
2734,38,1024,0,0
2735,34,2,40,1
2736,34,2,40,2
2737,34,2,40,3
2738,34,1,26,1
2739,61,0,0,0
2740,19,0,0,0
2741,51,5,0,0
2742,19,1,0,0
2743,19,2,0,0
2744,55,3,0,0
2745,3,300,0,0
2746,43,0,0,0
2747,41,0,79,1
2748,41,2,79,1
2749,3,400,0,0
2750,38,256,0,0
2751,41,0,60,1
2752,41,2,60,1
2753,3,400,0,0
2754,38,1024,0,0
2755,3,300,0,0
2756,42,1,1,0
2757,42,63,7,0
2758,3,400,0,0
2759,3,600,0,0
2760,42,2,1,0
2761,42,8,1,0
2762,41,1,30,1
2763,3,400,0,0
2764,41,2,13,1
2765,34,0,22,2
2766,42,63,7,0
2767,34,0,90,1
2768,34,0,90,2
2769,34,0,90,3
2770,34,0,90,4
2771,34,0,90,5
2772,34,0,90,6
2773,34,0,90,7
2774,34,0,91,1
2775,34,0,91,2
2776,34,0,91,3
2777,34,0,91,4
2778,34,0,91,5
2779,34,0,91,6
2780,34,0,91,7
2781,34,0,90,2
2782,3,300,0,0
2783,34,2,91,2
2784,5,3,0,0
2785,5,4,0,0
2786,2,78,0,0
2787,3,300,0,0
2788,3,400,0,0
2789,38,1024,0,0
2790,1,88,0,0
2791,2,86,0,0
2792,3,300,0,0
2793,34,0,34,2
2794,34,0,34,3
2795,34,0,34,4
2796,34,0,34,5
2797,34,0,34,6
2798,34,0,34,7
2799,34,2,89,2
2800,34,1,6,1
2801,34,2,6,2
2802,42,31,2,0
2803,34,0,91,3
2804,1,66,0,0
2805,42,63,2,0
2806,42,63,4,0
2807,42,63,6,0
2808,34,2,90,2
2809,2,66,0,0
2810,5,5,0,0
2811,40,0,0,0
2812,16,2,0,0
2813,15,2,0,0
2814,3,300,0,0
2815,38,256,0,0
2816,34,1,6,1
2817,34,1,91,1
2818,34,2,51,2
2819,55,4,0,0
2820,55,1,0,0
2821,55,2,0,0
2822,55,3,0,0
2823,55,4,0,0
2824,3,300,0,0
2825,34,2,60,3
2826,34,2,41,2
2827,1,50,0,0
2828,40,0,0,0
2829,34,1,9,1
2830,34,2,9,2
2831,34,0,27,1
2832,34,0,27,2
2833,34,0,27,3
2834,34,0,27,4
2835,34,0,27,5
2836,34,0,27,6
2837,34,2,27,2
2838,2,80,0,0
2839,3,300,0,0
2840,2,60,0,0
2841,41,0,73,1
2842,46,0,32,1
2843,46,0,32,2
2844,46,0,32,3
2845,46,0,32,4
2846,46,0,32,5
2847,46,0,32,6
2848,46,0,32,7
2849,38,48,1,0
2850,38,48,0,0
2851,34,2,44,1
2852,34,2,44,2
2853,34,2,44,3
2854,3,400,0,0
2855,1,50,0,0
2856,34,0,61,1
2857,34,0,61,2
2858,34,0,61,3
2859,34,0,61,4
2860,34,0,61,5
2861,2,20,0,0
2862,15,2,0,0
2863,44,2,5,0
2864,44,3,5,0
2865,1,78,0,0
2866,43,0,0,0
2867,15,1,0,0
2868,15,2,0,0
2869,15,3,0,0
2870,15,4,0,0
2871,15,5,0,0
2872,15,6,0,0
2873,15,7,0,0
2874,2,50,0,0
2875,16,2,0,0
2876,39,32,0,0
2877,3,800,0,0
2878,25,0,0,0
2879,1,50,0,0
2880,3,600,0,0
2881,3,300,0,0
2882,46,0,64,4
2883,34,0,42,7
2884,3,400,0,0
2885,19,1,0,0
2886,19,2,0,0
2887,3,300,0,0
2888,34,1,60,1
2889,34,1,61,1
2890,34,2,60,2
2891,34,2,61,2
2892,34,2,60,3
2893,34,2,61,3
2894,5,2,0,0
2895,5,5,0,0
2896,15,2,0,0
2897,34,1,85,1
2898,34,0,61,4
2899,41,1,13,1
2900,41,1,27,1
2901,34,2,42,2
2902,34,2,42,3
2903,40,0,0,0
2904,16,2,0,0
2905,42,8,1,0
2906,42,8,2,0
2907,42,8,3,0
2908,42,8,4,0
2909,42,8,5,0
2910,42,32,1,0
2911,42,32,2,0
2912,42,32,3,0
2913,42,32,4,0
2914,42,32,5,0
2915,41,0,13,1
2916,41,2,13,1
2917,3,300,0,0
2918,3,450,0,0
2919,2,58,0,0
2920,3,300,0,0
2921,19,0,0,0
2922,19,1,0,0
2923,19,2,0,0
2924,1,70,0,0
2925,3,400,0,0
2926,2,70,0,0
2927,47,0,0,0
2928,1,58,0,0
2929,51,1,0,0
2930,55,2,0,0
2931,34,1,17,1
2932,41,0,30,1
2933,38,48,1,0
2934,34,2,41,2
2935,34,2,17,2
2936,3,300,0,0
2937,34,0,61,1
2938,34,0,61,2
2939,34,0,61,3
2940,34,0,61,4
2941,34,0,61,5
2942,34,0,61,6
2943,34,0,61,7
2944,34,0,60,1
2945,34,0,60,2
2946,34,0,60,3
2947,34,0,60,4
2948,34,0,60,5
2949,34,0,60,6
2950,34,0,60,7
2951,3,400,0,0
2952,34,2,60,2
2953,34,2,60,3
2954,16,2,0,0
2955,38,48,1,0
2956,15,2,0,0
2957,15,3,0,0
2958,15,4,0,0
2959,15,5,0,0
2960,15,6,0,0
2961,15,7,0,0
2962,1,50,0,0
2963,2,50,0,0
2964,43,0,0,0
2965,40,0,0,0
2966,16,2,0,0
2967,15,2,0,0
2968,34,0,70,2
2969,34,0,70,3
2970,34,0,70,4
2971,34,0,70,5
2974,39,64,0,0
2975,3,300,0,0
2977,34,0,61,1
2978,34,0,61,2
2979,34,0,61,3
2980,34,0,61,4
2981,34,0,61,5
2982,34,0,61,6
2983,34,0,61,7
2984,3,400,0,0
2985,34,2,42,2
2986,34,2,42,3
2987,38,48,1,0
2989,41,1,30,1
2990,3,300,0,0
2991,34,0,42,3
2992,18,75,0,0
2993,18,50,0,0
2994,38,1072,1,0
2995,18,80,0,0
2996,38,1328,1,0
2997,1,80,0,0
2998,5,6,0,0
2999,46,0,64,1
3000,46,0,64,2
3001,46,0,64,3
3002,46,0,64,4
3003,46,0,64,5
3004,46,0,64,6
3005,46,0,64,7
3006,51,5,0,0
3007,34,2,21,1
3008,34,2,21,2
3009,34,2,21,3
3010,34,2,59,1
3011,34,2,59,2
3012,34,2,59,3
3013,3,400,0,0
3014,1,60,0,0
3015,18,30,0,0
3016,34,1,43,1
3017,34,0,3,2
3018,34,0,3,3
3019,34,0,3,4
3020,34,0,3,5
3021,34,0,3,6
3022,34,0,3,7
3023,34,0,89,2
3024,34,0,89,3
3025,34,0,89,4
3026,34,0,89,5
3027,34,0,89,6
3028,34,0,89,7
3029,34,0,65,1
3030,34,0,65,2
3031,34,0,65,4
3032,34,0,65,5
3033,34,0,65,6
3034,34,0,65,7
3035,42,63,9,0
3036,34,2,36,2
3037,34,2,29,2
3038,34,0,36,3
3040,34,2,36,3
3041,15,0,0,0
3042,16,1,0,0
3043,16,5,0,0
3044,16,6,0,0
3045,16,7,0,0
3046,55,1,0,0
3047,34,0,78,2
3048,53,2,1,1
3049,42,4,1,0
3050,46,0,64,3
3051,46,0,32,3
3052,46,0,4,4
3053,46,0,2,4
3054,46,0,8,4
3055,46,0,1,4
3056,46,0,16,4
3057,34,2,88,2
3058,34,1,88,1
3059,34,1,29,1
3061,34,0,92,2
3062,34,0,92,3
3063,34,0,92,4
3064,34,0,92,5
3067,34,2,92,3
3068,60,491,0,0
3069,41,0,83,1
3070,60,116,0,0
3071,60,31,0,0
3072,34,2,92,2
3073,57,5,0,0
3074,42,4,1,0
3075,42,4,4,0
3076,58,0,0,0
3077,58,1,0,0
3078,41,0,31,1
3079,30,0,0,0
3080,34,2,11,2
3081,18,60,0,0
3082,18,40,0,0
3083,1,18,0,0
3084,34,0,50,3
3085,34,0,50,4
3086,34,0,88,2
3087,34,2,28,2
3088,34,2,76,2
3089,1,10,0,0
3090,34,2,52,2
3091,34,2,70,2
3092,41,2,84,1
3093,42,1,4,0
3094,42,1,6,0
3095,42,1,7,0
3096,42,1,8,0
3097,42,1,9,0
3098,42,1,10,0
3099,42,2,6,0
3100,42,2,8,0
3101,42,2,9,0
3102,42,2,10,0
3103,42,8,6,0
3104,42,8,7,0
3105,42,8,8,0
3106,42,8,9,0
3107,42,8,10,0
3108,55,9,0,0
3110,34,2,52,3
3111,34,0,47,2
3112,34,0,47,3
3113,34,0,47,4
3114,34,2,9,3
3115,42,8,6,0
3116,42,8,7,0
3117,42,8,8,0
3118,42,8,9,0
3119,42,8,10,0
3120,42,8,11,0
3121,42,8,12,0
3122,42,8,13,0
3123,42,8,14,0
3124,42,8,15,0
3125,42,8,16,0
3126,42,8,17,0
3127,42,8,18,0
3128,42,8,19,0
3129,42,8,20,0
3130,42,8,21,0
3131,42,8,22,0
3132,42,8,23,0
3133,34,2,39,2
3134,34,0,15,7
3135,3,340,0,0
3136,41,2,85,1
3137,18,58,0,0
3138,34,2,9,3
3139,5,3,0,0
3140,34,1,83,1
3141,34,0,9,2
3142,34,1,62,1
3143,34,0,53,2
3144,34,0,53,3
3145,34,0,53,4
3146,34,0,53,5
3147,34,0,53,6
3148,34,0,53,7
3149,34,1,53,1
3150,34,2,9,1
3151,34,2,9,2
3152,5,3,0,0
3153,34,2,51,3
3154,46,0,32,7
3155,34,0,34,1
3156,3,550,0,0
3157,49,1,0,0
3158,41,1,86,1
3159,34,0,9,1
3160,34,0,9,2
3161,34,0,9,3
3162,34,0,9,4
3163,34,0,9,5
3164,34,0,9,6
3165,34,0,9,7
3166,34,2,34,3
3167,44,2,4,0
3169,4,390,0,0
3170,2,69,0,0
3171,34,2,32,3
3172,34,2,16,3
3173,34,2,88,1
3174,34,2,92,3
3175,34,0,92,2
3176,34,2,58,2
3178,34,0,22,1
3179,34,0,22,2
3180,34,0,22,3
3181,34,0,22,4
3182,34,0,22,5
3183,44,3,1,0
3184,60,14,0,0
3185,34,2,91,3
3186,34,0,18,1
3187,34,0,18,2
3188,34,0,18,3
3189,34,0,18,4
3190,34,0,18,5
3191,34,0,18,6
3192,34,0,18,7
3193,34,2,18,2
3194,34,2,18,3
3197,34,2,4,1
3198,34,2,4,2
3199,41,2,88,1
3202,3,800,0,0
3203,55,5,0,0
3246,63,3,0,0
3274,41,2,58,1
