id,name,race,sex,size,created_at,updated_at
1,超サイヤ人孫悟空,0,0,4,2024-05-13 02:03:38,2024-05-13 02:03:38
2,超サイヤ人ベジータ,0,0,3,2024-05-13 02:03:38,2024-05-13 02:03:38
3,孫悟空,0,0,4,2024-05-13 02:03:38,2024-05-13 02:03:38
4,ベジータ,0,0,3,2024-05-13 02:03:38,2024-05-13 02:03:38
5,フリーザ(第一形態),0,0,2,2024-05-13 02:03:38,2024-05-13 02:03:38
6,セル(第一形態),0,0,7,2024-05-13 02:03:38,2024-05-13 02:03:38
7,孫悟飯(幼年期),0,0,1,2024-05-13 02:03:38,2024-05-13 02:03:38
8,トランクス(青年期),0,0,4,2024-05-13 02:03:38,2024-05-13 02:03:38
9,クリリン,0,0,2,2024-05-13 02:03:38,2024-05-13 02:03:38
10,ピッコロ,0,0,6,2024-05-13 02:03:38,2024-05-13 02:03:38
11,天津飯,0,0,5,2024-05-13 02:03:38,2024-05-13 02:03:38
12,餃子,0,0,1,2024-05-13 02:03:38,2024-05-13 02:03:38
13,ヤムチャ,0,0,5,2024-05-13 02:03:38,2024-05-13 02:03:38
14,ラディッツ,0,0,4,2024-05-13 02:03:38,2024-05-13 02:03:38
15,ナッパ,0,0,7,2024-05-13 02:03:38,2024-05-13 02:03:38
16,ザーボン,0,0,7,2024-05-13 02:03:38,2024-05-13 02:03:38
17,ギニュー,0,0,5,2024-05-13 02:03:38,2024-05-13 02:03:38
18,人造人間19号,0,0,4,2024-05-13 02:03:38,2024-05-13 02:03:38
19,ドクター・ゲロ,0,0,4,2024-05-13 02:03:38,2024-05-13 02:03:38
20,人造人間18号,0,0,3,2024-05-13 02:03:38,2024-05-13 02:03:38
21,人造人間17号,0,0,3,2024-05-13 02:03:38,2024-05-13 02:03:38
22,人造人間16号,0,0,7,2024-05-13 02:03:38,2024-05-13 02:03:38
23,亀仙人,0,0,2,2024-05-13 02:03:38,2024-05-13 02:03:38
24,桃白白,0,0,4,2024-05-13 02:03:38,2024-05-13 02:03:38
25,合体ピラフマシン,0,0,8,2024-05-13 02:03:38,2024-05-13 02:03:38
26,シェン,0,0,2,2024-05-13 02:03:38,2024-05-13 02:03:38
27,タンバリン,0,0,5,2024-05-13 02:03:38,2024-05-13 02:03:38
28,シンバル,0,0,5,2024-05-13 02:03:38,2024-05-13 02:03:38
29,ドラム,0,0,5,2024-05-13 02:03:38,2024-05-13 02:03:38
30,ドドリア,0,0,5,2024-05-13 02:03:38,2024-05-13 02:03:38
31,リクーム,0,0,6,2024-05-13 02:03:38,2024-05-13 02:03:38
32,グルド,0,0,1,2024-05-13 02:03:38,2024-05-13 02:03:38
33,バータ,0,0,8,2024-05-13 02:03:38,2024-05-13 02:03:38
34,ジース,0,0,3,2024-05-13 02:03:38,2024-05-13 02:03:38
35,ヤジロベー,0,0,3,2024-05-13 02:03:38,2024-05-13 02:03:38
36,ネイル,0,0,6,2024-05-13 02:03:38,2024-05-13 02:03:38
37,チチ,0,0,3,2024-05-13 02:03:38,2024-05-13 02:03:38
38,ミスター・サタン,0,0,5,2024-05-13 02:03:38,2024-05-13 02:03:38
39,ビーデル,0,0,3,2024-05-13 02:03:38,2024-05-13 02:03:38
40,セルジュニア,0,0,1,2024-05-13 02:03:38,2024-05-13 02:03:38
41,スポポビッチ,0,0,6,2024-05-13 02:03:38,2024-05-13 02:03:38
42,ヤムー,0,0,3,2024-05-13 02:03:38,2024-05-13 02:03:38
43,ヤコン,0,0,8,2024-05-13 02:03:38,2024-05-13 02:03:38
44,プイプイ,0,0,4,2024-05-13 02:03:38,2024-05-13 02:03:38
45,アプール,0,0,4,2024-05-13 02:03:38,2024-05-13 02:03:38
46,キュイ,0,0,4,2024-05-13 02:03:38,2024-05-13 02:03:38
47,バビディの部下,0,0,4,2024-05-13 02:03:38,2024-05-13 02:03:38
48,プンター,0,0,5,2024-05-13 02:03:38,2024-05-13 02:03:38
49,ジュエール,0,0,4,2024-05-13 02:03:38,2024-05-13 02:03:38
50,キーラ,0,0,5,2024-05-13 02:03:38,2024-05-13 02:03:38
51,海賊ロボ,0,0,8,2024-05-13 02:03:38,2024-05-13 02:03:38
52,栽培マン,0,0,1,2024-05-13 02:03:38,2024-05-13 02:03:38
53,フリーザ兵,0,0,4,2024-05-13 02:03:38,2024-05-13 02:03:38
54,RR軍兵,0,0,3,2024-05-13 02:03:38,2024-05-13 02:03:38
55,ミスター・サタン,0,0,5,2024-05-13 02:03:38,2024-05-13 02:03:38
56,ピッコロ,0,0,6,2024-05-13 02:03:38,2024-05-13 02:03:38
57,孫悟空(界王拳),0,0,4,2024-05-13 02:03:38,2024-05-13 02:03:38
58,フリーザ(第一形態)(ポッド),0,0,4,2024-05-13 02:03:38,2024-05-13 02:03:38
59,ベジータ(幼年期),0,0,1,2024-05-13 02:03:38,2024-05-13 02:03:38
60,孫悟飯(幼年期),0,0,1,2024-05-13 02:03:38,2024-05-13 02:03:38
61,ベジータ(悪),0,0,3,2024-05-13 02:03:38,2024-05-13 02:03:38
62,サイボーグ桃白白,0,0,4,2024-05-13 02:03:38,2024-05-13 02:03:38
63,孫悟飯(じいちゃん),0,0,4,2024-05-13 02:03:38,2024-05-13 02:03:38
64,ベジータ王,0,0,4,2024-05-13 02:03:38,2024-05-13 02:03:38
65,鶴仙人,0,0,2,2024-05-13 02:03:38,2024-05-13 02:03:38
66,超サイヤ人2孫悟空,0,0,4,2024-05-13 02:03:38,2024-05-13 02:03:38
67,バーダック,0,0,4,2024-05-13 02:03:38,2024-05-13 02:03:38
68,フリーザ(最終形態),0,0,3,2024-05-13 02:03:38,2024-05-13 02:03:38
69,超サイヤ人トランクス(青年期),0,0,4,2024-05-13 02:03:38,2024-05-13 02:03:38
70,セリパ,0,0,3,2024-05-13 02:03:38,2024-05-13 02:03:38
71,フリーザ(第二形態),0,0,8,2024-05-13 02:03:38,2024-05-13 02:03:38
72,フリーザ(第三形態),0,0,4,2024-05-13 02:03:38,2024-05-13 02:03:38
73,スーパーザーボン,0,0,4,2024-05-13 02:03:38,2024-05-13 02:03:38
74,ギニュー(孫悟空),0,0,4,2024-05-13 02:03:38,2024-05-13 02:03:38
75,孫悟飯(戦闘服),0,0,2,2024-05-13 02:03:38,2024-05-13 02:03:38
76,クリリン(戦闘服),0,0,2,2024-05-13 02:03:38,2024-05-13 02:03:38
77,トーマ,0,0,5,2024-05-13 02:03:38,2024-05-13 02:03:38
78,トテッポ,0,0,6,2024-05-13 02:03:38,2024-05-13 02:03:38
79,パンプーキン,0,0,6,2024-05-13 02:03:38,2024-05-13 02:03:38
80,パイクーハン,0,0,4,2024-05-13 02:03:38,2024-05-13 02:03:38
81,超サイヤ人バーダック,0,0,4,2024-05-13 02:03:38,2024-05-13 02:03:38
82,トランクスゼノ,0,0,4,2024-05-13 02:03:38,2024-05-13 02:03:38
83,チルド,0,0,4,2024-05-13 02:03:38,2024-05-13 02:03:38
113,キュウコンマン,0,0,4,2024-05-13 02:03:38,2024-05-13 02:03:38
116,RR軍ロボット1_速,0,0,9,2024-05-13 02:03:38,2024-05-13 02:03:38
120,RR軍ロボット2_速,0,0,9,2024-05-13 02:03:38,2024-05-13 02:03:38
124,メタリック軍曹_速,0,0,9,2024-05-13 02:03:38,2024-05-13 02:03:38
139,フリーザ兵1_速,0,0,4,2024-05-13 02:03:38,2024-05-13 02:03:38
144,フリーザ兵2_速,0,0,4,2024-05-13 02:03:38,2024-05-13 02:03:38
149,フリーザ兵3_速,0,0,4,2024-05-13 02:03:38,2024-05-13 02:03:38
157,フリーザ兵4_速,0,0,4,2024-05-13 02:03:38,2024-05-13 02:03:38
159,フリーザ兵5_速,0,0,4,2024-05-13 02:03:38,2024-05-13 02:03:38
164,オニオン_速,0,0,9,2024-05-13 02:03:38,2024-05-13 02:03:38
169,ブロッコ_速,0,0,9,2024-05-13 02:03:38,2024-05-13 02:03:38
199,超サイヤ人孫悟飯(少年期),0,0,1,2024-05-13 02:03:38,2024-05-13 02:03:38
200,トランクス(幼年期),0,0,4,2024-05-13 02:03:38,2024-05-13 02:03:38
202,パーフェクトセル,0,0,4,2024-05-13 02:03:38,2024-05-13 02:03:38
203,超サイヤ人2孫悟飯(少年期),0,0,4,2024-05-13 02:03:38,2024-05-13 02:03:38
204,セル第2形態,0,0,4,2024-05-13 02:03:38,2024-05-13 02:03:38
205,セル完全体,0,0,4,2024-05-13 02:03:38,2024-05-13 02:03:38
206,孫悟空,0,0,4,2024-05-13 02:03:38,2024-05-13 02:03:38
207,超サイヤ人2ベジータ,0,0,4,2024-05-13 02:03:38,2024-05-13 02:03:38
208,超トランクス,0,0,4,2024-05-13 02:03:38,2024-05-13 02:03:38
209,超サイヤ人孫悟飯(未来),0,0,4,2024-05-13 02:03:38,2024-05-13 02:03:38
210,孫悟飯(青年期),0,0,4,2024-05-13 02:03:38,2024-05-13 02:03:38
211,トランクス(青年期),0,0,4,2024-05-13 02:03:38,2024-05-13 02:03:38
212,ヤムチャ(短髪),0,0,4,2024-05-13 02:03:38,2024-05-13 02:03:38
213,コルド大王,0,0,4,2024-05-13 02:03:38,2024-05-13 02:03:38
214,マイティマスク,0,0,4,2024-05-13 02:03:38,2024-05-13 02:03:38
215,ジャッキー・チュン,0,0,3,2024-05-13 02:03:38,2024-05-13 02:03:38
216,トランクス(少年期)(未来),0,0,4,2024-05-13 02:03:38,2024-05-13 02:03:38
217,メカフリーザ,0,0,3,2024-05-13 02:03:38,2024-05-13 02:03:38
218,ベジータ(悪)(スカウターあり),0,0,2,2024-05-13 02:03:38,2024-05-13 02:03:38
225,孫悟天(幼年期),0,0,4,2024-05-13 02:03:38,2024-05-13 02:03:38
226,ミスター・サタン,0,0,5,2024-05-13 02:03:38,2024-05-13 02:03:38
227,超サイヤ人3孫悟空,0,0,4,2024-05-13 02:03:38,2024-05-13 02:03:38
228,魔人ベジータ,0,0,4,2024-05-13 02:03:38,2024-05-13 02:03:38
229,魔人ブウ,0,0,4,2024-05-13 02:03:38,2024-05-13 02:03:38
230,魔人ブウ(純粋悪）,0,0,4,2024-05-13 02:03:38,2024-05-13 02:03:38
231,魔人ブウ(悪),0,0,4,2024-05-13 02:03:38,2024-05-13 02:03:38
232,魔人ブウ(純粋),0,0,4,2024-05-13 02:03:38,2024-05-13 02:03:38
233,ダーブラ,0,0,4,2024-05-13 02:03:38,2024-05-13 02:03:38
234,ビーデル(少女期),0,0,4,2024-05-13 02:03:38,2024-05-13 02:03:38
235,アルティメット孫悟飯,0,0,4,2024-05-13 02:03:38,2024-05-13 02:03:38
236,ウーブ(少年期),0,0,4,2024-05-13 02:03:38,2024-05-13 02:03:38
237,パン(幼年期),0,0,4,2024-05-13 02:03:38,2024-05-13 02:03:38
238,バビディ,0,0,4,2024-05-13 02:03:38,2024-05-13 02:03:38
239,超サイヤ人ゴッドSS孫悟空,0,0,4,2024-05-13 02:03:38,2024-05-13 02:03:38
240,超サイヤ人ゴッドSSベジータ,0,0,4,2024-05-13 02:03:38,2024-05-13 02:03:38
241,ゴールデンフリーザ,0,0,4,2024-05-13 02:03:38,2024-05-13 02:03:38
242,ビルス,0,0,4,2024-05-13 02:03:38,2024-05-13 02:03:38
243,ウイス,0,0,4,2024-05-13 02:03:38,2024-05-13 02:03:38
244,孫悟空,0,0,4,2024-05-13 02:03:38,2024-05-13 02:03:38
245,ベジータ,0,0,4,2024-05-13 02:03:38,2024-05-13 02:03:38
247,ソルベ,0,0,4,2024-05-13 02:03:38,2024-05-13 02:03:38
248,タゴマ,0,0,4,2024-05-13 02:03:38,2024-05-13 02:03:38
249,クリリン,0,0,4,2024-05-13 02:03:38,2024-05-13 02:03:38
250,孫悟飯,0,0,4,2024-05-13 02:03:38,2024-05-13 02:03:38
251,超サイヤ人孫悟飯,0,0,4,2024-05-13 02:03:38,2024-05-13 02:03:38
252,ジャコ,0,0,4,2024-05-13 02:03:38,2024-05-13 02:03:38
253,亀仙人(MAXパワー),0,0,4,2024-05-13 02:03:38,2024-05-13 02:03:38
254,ブロリー,0,0,4,2024-05-13 02:03:38,2024-05-13 02:03:38
255,超サイヤ人ブロリー,0,0,4,2024-05-13 02:03:38,2024-05-13 02:03:38
256,伝説の超サイヤ人ブロリー ,0,0,7,2024-05-13 02:03:38,2024-05-13 02:03:38
257,天津飯,0,0,5,2024-05-13 02:03:38,2024-05-13 02:03:38
258,パラガス,0,0,4,2024-05-13 02:03:38,2024-05-13 02:03:38
259,ガーリックJr.,0,0,4,2024-05-13 02:03:38,2024-05-13 02:03:38
260,スーパーガーリックJr.,0,0,4,2024-05-13 02:03:38,2024-05-13 02:03:38
261,孫悟空(少年期),0,0,4,2024-05-13 02:03:38,2024-05-13 02:03:38
262,ピッコロ大魔王(老),0,0,4,2024-05-13 02:03:38,2024-05-13 02:03:38
263,ピッコロ大魔王,0,0,4,2024-05-13 02:03:38,2024-05-13 02:03:38
264,マジュニア,0,0,4,2024-05-13 02:03:38,2024-05-13 02:03:38
266,ムラサキ曹長,0,0,4,2024-05-13 02:03:38,2024-05-13 02:03:38
267,ブルー将軍,0,0,4,2024-05-13 02:03:38,2024-05-13 02:03:38
268,チチ(少女期),0,0,4,2024-05-13 02:03:38,2024-05-13 02:03:38
269,ヤムチャ,0,0,4,2024-05-13 02:03:38,2024-05-13 02:03:38
270,クリリン（少年期）,0,0,4,2024-05-13 02:03:38,2024-05-13 02:03:38
271,亀仙人(MAXパワー),0,0,4,2024-05-13 02:03:38,2024-05-13 02:03:38
272,アックマン,0,0,4,2024-05-13 02:03:38,2024-05-13 02:03:38
273,ミイラくん,0,0,4,2024-05-13 02:03:38,2024-05-13 02:03:38
274,ドラキュラマン,0,0,4,2024-05-13 02:03:38,2024-05-13 02:03:38
275,ベジット,0,0,4,2024-05-13 02:03:38,2024-05-13 02:03:38
276,ゴテンクス,0,0,4,2024-05-13 02:03:38,2024-05-13 02:03:38
277,ベクウ,0,0,4,2024-05-13 02:03:38,2024-05-13 02:03:38
278,超サイヤ人トランクス(幼年期),0,0,4,2024-05-13 02:03:38,2024-05-13 02:03:38
279,超サイヤ人孫悟天(幼年期),0,0,4,2024-05-13 02:03:38,2024-05-13 02:03:38
280,グレートサイヤマン,0,0,4,2024-05-13 02:03:38,2024-05-13 02:03:38
281,孫悟空,0,0,4,2024-05-13 02:03:38,2024-05-13 02:03:38
282,ベジータ,0,0,4,2024-05-13 02:03:38,2024-05-13 02:03:38
283,クウラ,0,0,4,2024-05-13 02:03:38,2024-05-13 02:03:38
284,クウラ(最終形態),0,0,4,2024-05-13 02:03:38,2024-05-13 02:03:38
285,サウザー,0,0,4,2024-05-13 02:03:38,2024-05-13 02:03:38
286,ドーレ,0,0,4,2024-05-13 02:03:38,2024-05-13 02:03:38
287,ネイズ,0,0,4,2024-05-13 02:03:38,2024-05-13 02:03:38
288,人造人間13号,0,0,4,2024-05-13 02:03:38,2024-05-13 02:03:38
289,合体13号,0,0,4,2024-05-13 02:03:38,2024-05-13 02:03:38
290,人造人間14号,0,0,4,2024-05-13 02:03:38,2024-05-13 02:03:38
291,人造人間15号,0,0,4,2024-05-13 02:03:38,2024-05-13 02:03:38
292,ボージャック,0,0,4,2024-05-13 02:03:38,2024-05-13 02:03:38
293,フルパワーボージャック,0,0,4,2024-05-13 02:03:38,2024-05-13 02:03:38
294,ザンギャ,0,0,4,2024-05-13 02:03:38,2024-05-13 02:03:38
295,ゴクア,0,0,4,2024-05-13 02:03:38,2024-05-13 02:03:38
296,ビドー,0,0,4,2024-05-13 02:03:38,2024-05-13 02:03:38
297,ブージン,0,0,4,2024-05-13 02:03:38,2024-05-13 02:03:38
298,ターレス,0,0,4,2024-05-13 02:03:38,2024-05-13 02:03:38
299,天津飯,0,0,4,2024-05-13 02:03:38,2024-05-13 02:03:38
300,孫悟空,0,0,4,2024-05-13 02:03:38,2024-05-13 02:03:38
301,人造人間17号(未来),0,0,4,2024-05-13 02:03:38,2024-05-13 02:03:38
302,人造人間18号(未来),0,0,4,2024-05-13 02:03:38,2024-05-13 02:03:38
303,シサミ,0,0,4,2024-05-13 02:03:38,2024-05-13 02:03:38
304,天津飯,0,0,4,2024-05-13 02:03:38,2024-05-13 02:03:38
305,孫悟飯(少年期),0,0,4,2024-05-13 02:03:38,2024-05-13 02:03:38
306,超サイヤ人孫悟飯(少年期),0,0,4,2024-05-13 02:03:38,2024-05-13 02:03:38
307,超サイヤ人2孫悟飯(少年期),0,0,4,2024-05-13 02:03:38,2024-05-13 02:03:38
308,ヒルデガーン,0,0,10,2024-05-13 02:03:38,2024-05-13 02:03:38
309,ヒルデガーン(上半身),0,0,10,2024-05-13 02:03:38,2024-05-13 02:03:38
310,ヒルデガーン(下半身),0,0,10,2024-05-13 02:03:38,2024-05-13 02:03:38
311,ヒルデガーン,0,0,10,2024-05-13 02:03:38,2024-05-13 02:03:38
312,ホイ,0,0,4,2024-05-13 02:03:38,2024-05-13 02:03:38
313,タピオン,0,0,4,2024-05-13 02:03:38,2024-05-13 02:03:38
314,ミノシア,0,0,4,2024-05-13 02:03:38,2024-05-13 02:03:38
315,ジャネンバ（デカキャラ）,0,0,10,2024-05-13 02:03:38,2024-05-13 02:03:38
317,大猿バーダック,0,0,10,2024-05-13 02:03:38,2024-05-13 02:03:38
318,大猿孫悟空(少年期),0,0,10,2024-05-13 02:03:38,2024-05-13 02:03:38
319,大猿ベジータ,0,0,10,2024-05-13 02:03:38,2024-05-13 02:03:38
320,大猿,0,0,10,2024-05-13 02:03:38,2024-05-13 02:03:38
321,孫悟空(天使),0,0,4,2024-05-13 02:03:38,2024-05-13 02:03:38
322,孫悟飯(少年期),0,0,4,2024-05-13 02:03:38,2024-05-13 02:03:38
323,グレートサイヤマン2号,0,0,4,2024-05-13 02:03:38,2024-05-13 02:03:38
324,孫悟空(GT),0,0,4,2024-05-13 02:03:38,2024-05-13 02:03:38
326,パン(GT),0,0,4,2024-05-13 02:03:38,2024-05-13 02:03:38
327,超サイヤ人トランクス(GT),0,0,4,2024-05-13 02:03:38,2024-05-13 02:03:38
328,ベジータ(GT),0,0,4,2024-05-13 02:03:38,2024-05-13 02:03:38
329,ドクター・ミュー,0,0,4,2024-05-13 02:03:38,2024-05-13 02:03:38
330,超サイヤ人孫悟空(GT),0,0,4,2024-05-13 02:03:38,2024-05-13 02:03:38
331,超サイヤ人2孫悟空(GT),0,0,4,2024-05-13 02:03:38,2024-05-13 02:03:38
332,超サイヤ人3孫悟空(GT),0,0,4,2024-05-13 02:03:38,2024-05-13 02:03:38
334,ミスター・サタン(GT),0,0,4,2024-05-13 02:03:38,2024-05-13 02:03:38
335,超サイヤ人3 ベジータ,0,0,4,2024-05-13 02:03:38,2024-05-13 02:03:38
336,超サイヤ人4ベジータ,0,0,4,2024-05-13 02:03:38,2024-05-13 02:03:38
337,レジック,0,0,4,2024-05-13 02:03:38,2024-05-13 02:03:38
338,ムッチー,0,0,4,2024-05-13 02:03:38,2024-05-13 02:03:38
339,スーパーΣII,0,0,4,2024-05-13 02:03:38,2024-05-13 02:03:38
341,超サイヤ人孫悟飯(GT),0,0,4,2024-05-13 02:03:38,2024-05-13 02:03:38
342,孫悟空,0,0,4,2024-05-13 02:03:38,2024-05-13 02:03:38
343,チャパ王,0,0,4,2024-05-13 02:03:38,2024-05-13 02:03:38
344,ウーロン,0,0,4,2024-05-13 02:03:38,2024-05-13 02:03:38
345,超サイヤ人孫悟空,0,0,4,2024-05-13 02:03:38,2024-05-13 02:03:38
346,孫悟飯(青年期),0,0,4,2024-05-13 02:03:38,2024-05-13 02:03:38
347,超サイヤ人孫悟飯(青年期),0,0,4,2024-05-13 02:03:38,2024-05-13 02:03:38
348,超サイヤ人2孫悟飯(青年期),0,0,4,2024-05-13 02:03:38,2024-05-13 02:03:38
349,フリーザ(フルパワー),0,0,4,2024-05-13 02:03:38,2024-05-13 02:03:38
350,超サイヤ人ゴッド孫悟空_限界突破かめはめ波,0,0,4,2024-05-13 02:03:38,2024-05-13 02:03:38
351,ハッチヒャック,0,0,4,2024-05-13 02:03:38,2024-05-13 02:03:38
352,スーパーハッチヒャック,0,0,4,2024-05-13 02:03:38,2024-05-13 02:03:38
353,ドクター・ライチー,0,0,4,2024-05-13 02:03:38,2024-05-13 02:03:38
354,アービー,0,0,4,2024-05-13 02:03:38,2024-05-13 02:03:38
355,キンカーン,0,0,4,2024-05-13 02:03:38,2024-05-13 02:03:38
356,スカッド,0,0,4,2024-05-13 02:03:38,2024-05-13 02:03:38
357,ミスター・ポポ,0,0,4,2024-05-13 02:03:38,2024-05-13 02:03:38
358,武泰斗,0,0,4,2024-05-13 02:03:38,2024-05-13 02:03:38
359,キビト,0,0,4,2024-05-13 02:03:38,2024-05-13 02:03:38
360,キビト神,0,0,4,2024-05-13 02:03:38,2024-05-13 02:03:38
361,界王神,0,0,4,2024-05-13 02:03:38,2024-05-13 02:03:38
362,-,0,0,4,2024-05-13 02:03:38,2024-05-13 02:03:38
363,魔人ブウ(ピッコロ吸収),0,0,4,2024-05-13 02:03:38,2024-05-13 02:03:38
364,魔人ブウ(アルティメット悟飯吸収),0,0,4,2024-05-13 02:03:38,2024-05-13 02:03:38
365,魔人ブウ(ゴテンクス吸収),0,0,4,2024-05-13 02:03:38,2024-05-13 02:03:38
366,グレートサイヤマン,0,0,4,2024-05-13 02:03:38,2024-05-13 02:03:38
367,メタルクウラ・コア,0,0,10,2024-05-13 02:03:38,2024-05-13 02:03:38
368,メタルクウラ,0,0,4,2024-05-13 02:03:38,2024-05-13 02:03:38
369,ロボット兵,0,0,4,2024-05-13 02:03:38,2024-05-13 02:03:38
370,孫悟空,0,0,4,2024-05-13 02:03:38,2024-05-13 02:03:38
371,ウーブ(少年期),0,0,4,2024-05-13 02:03:38,2024-05-13 02:03:38
373,孫悟空,0,0,4,2024-05-13 02:03:38,2024-05-13 02:03:38
374,トランクス(少年期)_ビクトリーキャノン,0,0,4,2024-05-13 02:03:38,2024-05-13 02:03:38
375,孫悟天(少年期)_かめはめ波,0,0,4,2024-05-13 02:03:38,2024-05-13 02:03:38
376,ブルマ,0,0,4,2024-05-13 02:03:38,2024-05-13 02:03:38
377,ミスター・サタン像 (金),0,0,4,2024-05-13 02:03:38,2024-05-13 02:03:38
378,ミスター・サタン像 (銀),0,0,4,2024-05-13 02:03:38,2024-05-13 02:03:38
379,ミスター・サタン像 (銅),0,0,4,2024-05-13 02:03:38,2024-05-13 02:03:38
380,アモンド,0,0,4,2024-05-13 02:03:38,2024-05-13 02:03:38
381,レズン,0,0,4,2024-05-13 02:03:38,2024-05-13 02:03:38
382,ラカセイ,0,0,4,2024-05-13 02:03:38,2024-05-13 02:03:38
383,老界王神,0,0,4,2024-05-13 02:03:38,2024-05-13 02:03:38
384,カカオ,0,0,4,2024-05-13 02:03:38,2024-05-13 02:03:38
385,ブルマ,0,0,4,2024-05-13 02:03:38,2024-05-13 02:03:38
386,ダイーズ,0,0,4,2024-05-13 02:03:38,2024-05-13 02:03:38
387,超サイヤ人孫悟空,0,0,4,2024-05-13 02:03:38,2024-05-13 02:03:38
388,スーパーウーブ,0,0,4,2024-05-13 02:03:38,2024-05-13 02:03:38
389,孫悟天(GT),0,0,4,2024-05-13 02:03:38,2024-05-13 02:03:38
390,孫悟天(GT),0,0,4,2024-05-13 02:03:38,2024-05-13 02:03:38
391,超サイヤ人ベジータ(GT),0,0,4,2024-05-13 02:03:38,2024-05-13 02:03:38
392,ナッパ(青年期),0,0,4,2024-05-13 02:03:38,2024-05-13 02:03:38
393,超サイヤ人3トランクス(青年期),0,0,4,2024-05-13 02:03:38,2024-05-13 02:03:38
394,ミスター・サタン,0,0,4,2024-05-13 02:03:38,2024-05-13 02:03:38
398,餃子,0,0,4,2024-05-13 02:03:38,2024-05-13 02:03:38
399,兎人参化,0,0,4,2024-05-13 02:03:38,2024-05-13 02:03:38
400,ブルマ,0,0,4,2024-05-13 02:03:38,2024-05-13 02:03:38
401,ランチ,0,0,4,2024-05-13 02:03:38,2024-05-13 02:03:38
402,超サイヤ人2孫悟空(天使),0,0,4,2024-05-13 02:03:38,2024-05-13 02:03:38
403,超サイヤ人3孫悟空(天使),0,0,4,2024-05-13 02:03:38,2024-05-13 02:03:38
404,アンゴル,0,0,4,2024-05-13 02:03:38,2024-05-13 02:03:38
405,モア,0,0,4,2024-05-13 02:03:38,2024-05-13 02:03:38
407,-,0,0,4,2024-05-13 02:03:38,2024-05-13 02:03:38
408,超サイヤ人孫悟空,0,0,4,2024-05-13 02:03:38,2024-05-13 02:03:38
409,超サイヤ人2ベジータ,0,0,4,2024-05-13 02:03:38,2024-05-13 02:03:38
410,トランクス,0,0,4,2024-05-13 02:03:38,2024-05-13 02:03:38
411,トランクス(青年期),0,0,4,2024-05-13 02:03:38,2024-05-13 02:03:38
412,クリリン,0,0,4,2024-05-13 02:03:38,2024-05-13 02:03:38
413,大界王神,0,0,4,2024-05-13 02:03:38,2024-05-13 02:03:38
414,人造人間18号,0,0,4,2024-05-13 02:03:38,2024-05-13 02:03:38
416,孫悟飯(じいちゃん),0,0,4,2024-05-13 02:03:38,2024-05-13 02:03:38
417,ビーデル,0,0,4,2024-05-13 02:03:38,2024-05-13 02:03:38
418,クリリン(ピッコロ道着),0,0,4,2024-05-13 02:03:38,2024-05-13 02:03:38
419,デンデ,0,0,4,2024-05-13 02:03:38,2024-05-13 02:03:38
420,孫悟飯（Zソード）,0,0,4,2024-05-13 02:03:38,2024-05-13 02:03:38
421,ギラン,0,0,4,2024-05-13 02:03:38,2024-05-13 02:03:38
422,ブラック参謀,0,0,4,2024-05-13 02:03:38,2024-05-13 02:03:38
423,孫悟空（気功弾）,0,0,4,2024-05-13 02:03:38,2024-05-13 02:03:38
425,孫悟空（プロテクター）,0,0,4,2024-05-13 02:03:38,2024-05-13 02:03:38
426,超サイヤ人ベジータ,0,0,4,2024-05-13 02:03:38,2024-05-13 02:03:38
429,ゴテンクス(失敗)A,0,0,4,2024-05-13 02:03:38,2024-05-13 02:03:38
430,ゴテンクス(失敗)B,0,0,4,2024-05-13 02:03:38,2024-05-13 02:03:38
433,神様,0,0,4,2024-05-13 02:03:38,2024-05-13 02:03:38
434,トワ,0,0,4,2024-05-13 02:03:38,2024-05-13 02:03:38
435,ミラ,0,0,4,2024-05-13 02:03:38,2024-05-13 02:03:38
436,魔神ドミグラ,0,0,4,2024-05-13 02:03:38,2024-05-13 02:03:38
437,超サイヤ人トランクス(ゼノ),0,0,4,2024-05-13 02:03:38,2024-05-13 02:03:38
438,スーパージャネンバ,0,0,4,2024-05-13 02:03:38,2024-05-13 02:03:38
439,超サイヤ人孫悟空(天使),0,0,4,2024-05-13 02:03:38,2024-05-13 02:03:38
440,超サイヤ人ベジータ(天使),0,0,4,2024-05-13 02:03:38,2024-05-13 02:03:38
441,スラッグ,0,0,4,2024-05-13 02:03:38,2024-05-13 02:03:38
442,大猿ナッパ,0,0,10,2024-05-13 02:03:38,2024-05-13 02:03:38
443,大猿ラディッツ,0,0,10,2024-05-13 02:03:38,2024-05-13 02:03:38
444,ターレス(大猿),0,0,10,2024-05-13 02:03:38,2024-05-13 02:03:38
445,マジュニア(巨大化),0,0,10,2024-05-13 02:03:38,2024-05-13 02:03:38
446,超サイヤ人2トランクス(青年期),0,0,4,2024-05-13 02:03:38,2024-05-13 02:03:38
447,グレートサイヤマン(SS2),0,0,4,2024-05-13 02:03:38,2024-05-13 02:03:38
448,マジュニア,0,0,4,2024-05-13 02:03:38,2024-05-13 02:03:38
449,ウーブ(青年期),0,0,4,2024-05-13 02:03:38,2024-05-13 02:03:38
450,超ゴジータ,0,0,4,2024-05-13 02:03:38,2024-05-13 02:03:38
451,ターブル,0,0,4,2024-05-13 02:03:38,2024-05-13 02:03:38
453,バイオブロリー,0,0,4,2024-05-13 02:03:38,2024-05-13 02:03:38
454,亀仙人,0,0,4,2024-05-13 02:03:38,2024-05-13 02:03:38
455,ブルマ,0,0,4,2024-05-13 02:03:38,2024-05-13 02:03:38
456,時の界王神,0,0,4,2024-05-13 02:03:38,2024-05-13 02:03:38
457,超サイヤ人ゴテンクス,0,0,4,2024-05-13 02:03:38,2024-05-13 02:03:38
458,超ベジータ,0,0,4,2024-05-13 02:03:38,2024-05-13 02:03:38
459,ナム,0,0,4,2024-05-13 02:03:38,2024-05-13 02:03:38
460,バクテリアン,0,0,4,2024-05-13 02:03:38,2024-05-13 02:03:38
461,ミスター・サタン像(プラチナ),0,0,4,2024-05-13 02:03:38,2024-05-13 02:03:38
462,孫悟飯(未来),0,0,4,2024-05-13 02:03:38,2024-05-13 02:03:38
463,超サイヤ人トランクス(未来),0,0,4,2024-05-13 02:03:38,2024-05-13 02:03:38
465,ヘルファイター17号,0,0,4,2024-05-13 02:03:38,2024-05-13 02:03:38
466,人造人間18号(GT),0,0,4,2024-05-13 02:03:38,2024-05-13 02:03:38
467,ルード,0,0,10,2024-05-13 02:03:38,2024-05-13 02:03:38
468,ルード(パン吸収),0,0,10,2024-05-13 02:03:38,2024-05-13 02:03:38
469,ボンパラ,0,0,4,2024-05-13 02:03:38,2024-05-13 02:03:38
470,ズーナマ,0,0,8,2024-05-13 02:03:38,2024-05-13 02:03:38
471,イメッガ兵,0,0,4,2024-05-13 02:03:38,2024-05-13 02:03:38
472,ムッチー・モッチー ,0,0,4,2024-05-13 02:03:38,2024-05-13 02:03:38
473,リルド将軍,0,0,4,2024-05-13 02:03:38,2024-05-13 02:03:38
474,ハイパーメガリルド,0,0,4,2024-05-13 02:03:38,2024-05-13 02:03:38
475,メタルリルド,0,0,4,2024-05-13 02:03:38,2024-05-13 02:03:38
476,スーパーΣ,0,0,4,2024-05-13 02:03:38,2024-05-13 02:03:38
477,スーパーΣIII,0,0,4,2024-05-13 02:03:38,2024-05-13 02:03:38
478,ネージ,0,0,4,2024-05-13 02:03:38,2024-05-13 02:03:38
479,ナット,0,0,4,2024-05-13 02:03:38,2024-05-13 02:03:38
480,超17号,0,0,4,2024-05-13 02:03:38,2024-05-13 02:03:38
481,ベビー(少年体),0,0,4,2024-05-13 02:03:38,2024-05-13 02:03:38
482,ベジータベビー,0,0,4,2024-05-13 02:03:38,2024-05-13 02:03:38
483,スーパーベビー1,0,0,4,2024-05-13 02:03:38,2024-05-13 02:03:38
484,スーパーベビー2,0,0,4,2024-05-13 02:03:38,2024-05-13 02:03:38
486,シュラ,0,0,4,2024-05-13 02:03:38,2024-05-13 02:03:38
487,メラ,0,0,4,2024-05-13 02:03:38,2024-05-13 02:03:38
488,ゴラ,0,0,4,2024-05-13 02:03:38,2024-05-13 02:03:38
489,トランクス(GT),0,0,4,2024-05-13 02:03:38,2024-05-13 02:03:38
490,牛魔王,0,0,4,2024-05-13 02:03:38,2024-05-13 02:03:38
492,ホワイト将軍,0,0,4,2024-05-13 02:03:38,2024-05-13 02:03:38
496,男狼,0,0,4,2024-05-13 02:03:38,2024-05-13 02:03:38
497,パンプット,0,0,4,2024-05-13 02:03:38,2024-05-13 02:03:38
498,ニッキー,0,0,4,2024-05-13 02:03:38,2024-05-13 02:03:38
499,ジンジャー,0,0,4,2024-05-13 02:03:38,2024-05-13 02:03:38
500,サンショ,0,0,4,2024-05-13 02:03:38,2024-05-13 02:03:38
504,超サイヤ人4孫悟空,0,0,4,2024-05-13 02:03:38,2024-05-13 02:03:38
507,孫悟飯(GT),0,0,4,2024-05-13 02:03:38,2024-05-13 02:03:38
509,孫悟飯(GT)(寄生),0,0,4,2024-05-13 02:03:38,2024-05-13 02:03:38
510,孫悟天(GT)(寄生),0,0,4,2024-05-13 02:03:38,2024-05-13 02:03:38
511,トランクス(GT)(寄生),0,0,4,2024-05-13 02:03:38,2024-05-13 02:03:38
512,超サイヤ人孫悟飯(GT)(寄生),0,0,4,2024-05-13 02:03:38,2024-05-13 02:03:38
513,超サイヤ人孫悟天(GT)(寄生),0,0,4,2024-05-13 02:03:38,2024-05-13 02:03:38
514,超サイヤ人トランクス(GT)(寄生),0,0,4,2024-05-13 02:03:38,2024-05-13 02:03:38
515,一星龍,0,0,4,2024-05-13 02:03:38,2024-05-13 02:03:38
516,二星龍,0,0,4,2024-05-13 02:03:38,2024-05-13 02:03:38
517,三星龍,0,0,4,2024-05-13 02:03:38,2024-05-13 02:03:38
518,四星龍,0,0,4,2024-05-13 02:03:38,2024-05-13 02:03:38
519,五星龍,0,0,4,2024-05-13 02:03:38,2024-05-13 02:03:38
520,六星龍,0,0,4,2024-05-13 02:03:38,2024-05-13 02:03:38
521,六星龍(乙姫),0,0,4,2024-05-13 02:03:38,2024-05-13 02:03:38
522,七星龍,0,0,8,2024-05-13 02:03:38,2024-05-13 02:03:38
523,超一星龍,0,0,4,2024-05-13 02:03:38,2024-05-13 02:03:38
524,超七星龍,0,0,9,2024-05-13 02:03:38,2024-05-13 02:03:38
528,大猿セリパ,0,0,10,2024-05-13 02:03:38,2024-05-13 02:03:38
529,大猿パンブーキン,0,0,10,2024-05-13 02:03:38,2024-05-13 02:03:38
530,大猿トテッポ,0,0,10,2024-05-13 02:03:38,2024-05-13 02:03:38
531,大猿トーマ,0,0,10,2024-05-13 02:03:38,2024-05-13 02:03:38
532,ベビー(大猿),0,0,10,2024-05-13 02:03:38,2024-05-13 02:03:38
535,超ベジット,0,0,4,2024-05-13 02:03:38,2024-05-13 02:03:38
537,クリリン(少年期),0,0,4,2024-05-13 02:03:38,2024-05-13 02:03:38
538,リベト,0,0,4,2024-05-13 02:03:38,2024-05-13 02:03:38
539,ビース,0,0,4,2024-05-13 02:03:38,2024-05-13 02:03:38
540,ドクター・ウイロー,0,0,10,2024-05-13 02:03:38,2024-05-13 02:03:38
541,ピッコロ(洗脳),0,0,4,2024-05-13 02:03:38,2024-05-13 02:03:38
542,バイオマン,0,0,4,2024-05-13 02:03:38,2024-05-13 02:03:38
546,ドクター・コーチン,0,0,4,2024-05-13 02:03:38,2024-05-13 02:03:38
548,ボタモ,0,0,4,2024-05-13 02:03:38,2024-05-13 02:03:38
549,フロスト,0,0,4,2024-05-13 02:03:38,2024-05-13 02:03:38
550,フロスト(突撃形態),0,0,4,2024-05-13 02:03:38,2024-05-13 02:03:38
551,フロスト(最終形態),0,0,4,2024-05-13 02:03:38,2024-05-13 02:03:38
552,キャベ,0,0,4,2024-05-13 02:03:38,2024-05-13 02:03:38
553,超サイヤ人キャベ,0,0,4,2024-05-13 02:03:38,2024-05-13 02:03:38
554,マゲッタ,0,0,4,2024-05-13 02:03:38,2024-05-13 02:03:38
556,ヒット,0,0,4,2024-05-13 02:03:38,2024-05-13 02:03:38
558,パン(GT)(ハニー),0,0,4,2024-05-13 02:03:38,2024-05-13 02:03:38
559,スーパーパイクーハン,0,0,4,2024-05-13 02:03:38,2024-05-13 02:03:38
560,ゴテンクス(青年期),0,0,4,2024-05-13 02:03:38,2024-05-13 02:03:38
561,超サイヤ人ゴテンクス(青年期),0,0,4,2024-05-13 02:03:38,2024-05-13 02:03:38
562,ヤムチャ(キノコ頭),0,0,4,2024-05-13 02:03:38,2024-05-13 02:03:38
571,界王,0,0,4,2024-05-13 02:03:38,2024-05-13 02:03:38
572,メズ,0,0,4,2024-05-13 02:03:38,2024-05-13 02:03:38
573,ゴズ,0,0,4,2024-05-13 02:03:38,2024-05-13 02:03:38
574,ジャネンバベビー,0,0,4,2024-05-13 02:03:38,2024-05-13 02:03:38
575,魔人ブウ(純粋)(バビディ吸収),0,0,4,2024-05-13 02:03:38,2024-05-13 02:03:38
577,超サイヤ人3ゴテンクス(青年期),0,0,4,2024-05-13 02:03:38,2024-05-13 02:03:38
581,ビルス(寝間着),0,0,4,2024-05-13 02:03:38,2024-05-13 02:03:38
582,シャンパ,0,0,4,2024-05-13 02:03:38,2024-05-13 02:03:38
583,ヴァドス,0,0,4,2024-05-13 02:03:38,2024-05-13 02:03:38
586,ルシフェル,0,0,4,2024-05-13 02:03:38,2024-05-13 02:03:38
587,孫悟空,0,0,4,2024-05-13 02:03:38,2024-05-13 02:03:38
588,超サイヤ人GSS孫悟空(界王拳),0,0,4,2024-05-13 02:03:38,2024-05-13 02:03:38
589,超サイヤ人孫悟空,0,0,4,2024-05-13 02:03:38,2024-05-13 02:03:38
590,超サイヤ人孫悟天(GT),0,0,4,2024-05-13 02:03:38,2024-05-13 02:03:38
591,マイティマスク (超サイヤ人),0,0,4,2024-05-13 02:03:38,2024-05-13 02:03:38
592,孫悟空,0,0,4,2024-05-13 02:03:38,2024-05-13 02:03:38
594,魔人ブウ(南の界王神吸収),0,0,4,2024-05-13 02:03:38,2024-05-13 02:03:38
595,西の界王神,0,0,4,2024-05-13 02:03:38,2024-05-13 02:03:38
596,南の界王神,0,0,4,2024-05-13 02:03:38,2024-05-13 02:03:38
597,北の界王神,0,0,4,2024-05-13 02:03:38,2024-05-13 02:03:38
598,超サイヤ人3孫悟飯(青年期),0,0,4,2024-05-13 02:03:38,2024-05-13 02:03:38
599,超サイヤ人3バーダック,0,0,4,2024-05-13 02:03:38,2024-05-13 02:03:38
603,トランクス(幼年期),0,0,4,2024-05-13 02:03:38,2024-05-13 02:03:38
604,トランクス(幼年期),0,0,4,2024-05-13 02:03:38,2024-05-13 02:03:38
605,バイオ戦士,0,0,4,2024-05-13 02:03:38,2024-05-13 02:03:38
606,バイオ戦士,0,0,4,2024-05-13 02:03:38,2024-05-13 02:03:38
607,バイオ戦士,0,0,4,2024-05-13 02:03:38,2024-05-13 02:03:38
608,超3悟空(GT)(黄金大猿),0,0,10,2024-05-13 02:03:38,2024-05-13 02:03:38
609,孫悟空(界王拳),0,0,4,2024-05-13 02:03:38,2024-05-13 02:03:38
611,超サイヤ人3ゴテンクス,0,0,4,2024-05-13 02:03:38,2024-05-13 02:03:38
612,カロリー,0,0,4,2024-05-13 02:03:38,2024-05-13 02:03:38
613,ヤムハン,0,0,4,2024-05-13 02:03:38,2024-05-13 02:03:38
614,孫悟空(少年期),0,0,4,2024-05-13 02:03:38,2024-05-13 02:03:38
615,ウサギ団団員A,0,0,4,2024-05-13 02:03:38,2024-05-13 02:03:38
616,ウサギ団団員B,0,0,4,2024-05-13 02:03:38,2024-05-13 02:03:38
617,孫悟空,0,0,4,2024-05-13 02:03:38,2024-05-13 02:03:38
618,孫悟空,0,0,4,2024-05-13 02:03:38,2024-05-13 02:03:38
619,超サイヤ人孫悟空,0,0,4,2024-05-13 02:03:38,2024-05-13 02:03:38
620,ブルマ(少女期),0,0,4,2024-05-13 02:03:38,2024-05-13 02:03:38
621,ゴクウブラック,0,0,4,2024-05-13 02:03:38,2024-05-13 02:03:38
622,人造人間17号&18号,0,0,4,2024-05-13 02:03:38,2024-05-13 02:03:38
623,トランクス(青年期)(未来),0,0,4,2024-05-13 02:03:38,2024-05-13 02:03:38
624,超サイヤ人トランクス(未来),0,0,4,2024-05-13 02:03:38,2024-05-13 02:03:38
625,マイ(未来),0,0,4,2024-05-13 02:03:38,2024-05-13 02:03:38
626,超サイヤ人3ベジータ(GT),0,0,4,2024-05-13 02:03:38,2024-05-13 02:03:38
627,フウラ,0,0,4,2024-05-13 02:03:38,2024-05-13 02:03:38
628,パンデル,0,0,4,2024-05-13 02:03:38,2024-05-13 02:03:38
629,バーロット,0,0,4,2024-05-13 02:03:38,2024-05-13 02:03:38
630,チャオマン,0,0,4,2024-05-13 02:03:38,2024-05-13 02:03:38
631,ブラパン,0,0,4,2024-05-13 02:03:38,2024-05-13 02:03:38
632,ジャネンブウ,0,0,4,2024-05-13 02:03:38,2024-05-13 02:03:38
633,テッカ,0,0,4,2024-05-13 02:03:38,2024-05-13 02:03:38
634,ピニッジ,0,0,4,2024-05-13 02:03:38,2024-05-13 02:03:38
635,則巻アラレ,0,0,4,2024-05-13 02:03:38,2024-05-13 02:03:38
636,則巻アラレ,0,0,4,2024-05-13 02:03:38,2024-05-13 02:03:38
637,則巻アラレ,0,0,4,2024-05-13 02:03:38,2024-05-13 02:03:38
638,則巻アラレ,0,0,4,2024-05-13 02:03:38,2024-05-13 02:03:38
639,孫悟空(少年期),0,0,4,2024-05-13 02:03:38,2024-05-13 02:03:38
640,スッパマン,0,0,4,2024-05-13 02:03:38,2024-05-13 02:03:38
642,オボッチャマン,0,0,4,2024-05-13 02:03:38,2024-05-13 02:03:38
643,ブルー将軍,0,0,4,2024-05-13 02:03:38,2024-05-13 02:03:38
644,桃白白,0,0,4,2024-05-13 02:03:38,2024-05-13 02:03:38
645,ザマス,0,0,4,2024-05-13 02:03:38,2024-05-13 02:03:38
646,超サイヤ人トランクス(青年期),0,0,4,2024-05-13 02:03:38,2024-05-13 02:03:38
648,超サイヤ人孫悟飯(少年期),0,0,4,2024-05-13 02:03:38,2024-05-13 02:03:38
650,アボ,0,0,4,2024-05-13 02:03:38,2024-05-13 02:03:38
651,カド,0,0,4,2024-05-13 02:03:38,2024-05-13 02:03:38
652,合体アカ,0,0,8,2024-05-13 02:03:38,2024-05-13 02:03:38
653,超サイヤ人ゴッドSSベジット,0,0,4,2024-05-13 02:03:38,2024-05-13 02:03:38
654,ゴクウブラック(超サイヤ人ロゼ),0,0,4,2024-05-13 02:03:38,2024-05-13 02:03:38
655,超サイヤ人ゴッドSS孫悟空,0,0,4,2024-05-13 02:03:38,2024-05-13 02:03:38
656,超サイヤ人ゴッドSSベジータ,0,0,4,2024-05-13 02:03:38,2024-05-13 02:03:38
658,超サイヤ人トランクス(未来),0,0,4,2024-05-13 02:03:38,2024-05-13 02:03:38
659,超サイヤ人トランクス(未来),0,0,4,2024-05-13 02:03:38,2024-05-13 02:03:38
660,ザマス,0,0,4,2024-05-13 02:03:38,2024-05-13 02:03:38
661,合体ザマス,0,0,4,2024-05-13 02:03:38,2024-05-13 02:03:38
662,合体ザマス,0,0,4,2024-05-13 02:03:38,2024-05-13 02:03:38
663,ヤムチャ,0,0,4,2024-05-13 02:03:38,2024-05-13 02:03:38
664,亀仙人,0,0,4,2024-05-13 02:03:38,2024-05-13 02:03:38
665,超サイヤ人ベジータ(GT),0,0,4,2024-05-13 02:03:38,2024-05-13 02:03:38
666,ビーデル(GT)(寄生),0,0,4,2024-05-13 02:03:38,2024-05-13 02:03:38
667,超サイヤ人孫悟飯(青年期),0,0,4,2024-05-13 02:03:38,2024-05-13 02:03:38
668,ブルマ(少女期),0,0,4,2024-05-13 02:03:38,2024-05-13 02:03:38
669,超サイヤ人孫悟飯(少年期),0,0,4,2024-05-13 02:03:38,2024-05-13 02:03:38
700,孫悟飯(幼年期),0,0,4,2024-05-13 02:03:38,2024-05-13 02:03:38
701,超17号,0,0,4,2024-05-13 02:03:38,2024-05-13 02:03:38
702,天津飯,0,0,4,2024-05-13 02:03:38,2024-05-13 02:03:38
703,孫悟飯(幼年期),0,0,4,2024-05-13 02:03:38,2024-05-13 02:03:38
704,仮面のサイヤ人,0,0,4,2024-05-13 02:03:38,2024-05-13 02:03:38
705,仮面のサイヤ人,0,0,4,2024-05-13 02:03:38,2024-05-13 02:03:38
707,ベジータ,0,0,4,2024-05-13 02:03:38,2024-05-13 02:03:38
708,超サイヤ人2バーダック,0,0,4,2024-05-13 02:03:38,2024-05-13 02:03:38
709,孫悟空(GT),0,0,4,2024-05-13 02:03:38,2024-05-13 02:03:38
710,孫悟空Jr.,0,0,4,2024-05-13 02:03:38,2024-05-13 02:03:38
711,超サイヤ人孫悟空Jr.,0,0,4,2024-05-13 02:03:38,2024-05-13 02:03:38
712,マンバ,0,0,4,2024-05-13 02:03:38,2024-05-13 02:03:38
713,ゲットー,0,0,4,2024-05-13 02:03:38,2024-05-13 02:03:38
714,ラッカル,0,0,4,2024-05-13 02:03:38,2024-05-13 02:03:38
715,妖魔王,0,0,4,2024-05-13 02:03:38,2024-05-13 02:03:38
716,ブロリー,0,0,4,2024-05-13 02:03:38,2024-05-13 02:03:38
717,超サイヤ人ブロリー,0,0,4,2024-05-13 02:03:38,2024-05-13 02:03:38
718,伝説の超サイヤ人ブロリー,0,0,4,2024-05-13 02:03:38,2024-05-13 02:03:38
719,ヤムチャ,0,0,4,2024-05-13 02:03:38,2024-05-13 02:03:38
720,人造人間17号,0,0,4,2024-05-13 02:03:38,2024-05-13 02:03:38
721,超サイヤ人孫悟空(天使)(超界王拳),0,0,4,2024-05-13 02:03:38,2024-05-13 02:03:38
722,パーフェクトセル(天使),0,0,4,2024-05-13 02:03:38,2024-05-13 02:03:38
723,フリーザ(最終形態)(天使),0,0,4,2024-05-13 02:03:38,2024-05-13 02:03:38
724,コルド大王(天使),0,0,4,2024-05-13 02:03:38,2024-05-13 02:03:38
725,スーパージャネンバ,0,0,4,2024-05-13 02:03:38,2024-05-13 02:03:38
727,ゴクウブラック&ザマス,0,0,4,2024-05-13 02:03:38,2024-05-13 02:03:38
728,ゴクウブラック(超サイヤ人ロゼ)＆ザマス,0,0,4,2024-05-13 02:03:38,2024-05-13 02:03:38
730,バイオブロリー(巨大化),0,0,10,2024-05-13 02:03:38,2024-05-13 02:03:38
732,超サイヤ人3ブロリー,0,0,4,2024-05-13 02:03:38,2024-05-13 02:03:38
733,ベジータ,0,0,4,2024-05-13 02:03:38,2024-05-13 02:03:38
734,ヤムチャ,0,0,4,2024-05-13 02:03:38,2024-05-13 02:03:38
735,ブルマ,0,0,4,2024-05-13 02:03:38,2024-05-13 02:03:38
736,超サイヤ人4ゴジータ,0,0,4,2024-05-13 02:03:38,2024-05-13 02:03:38
737,ケール(暴走),0,0,4,2024-05-13 02:03:38,2024-05-13 02:03:38
738,超サイヤ人2カリフラ,0,0,4,2024-05-13 02:03:38,2024-05-13 02:03:38
739,修業用ジンコウマン,0,0,4,2024-05-13 02:03:38,2024-05-13 02:03:38
740,超サイヤ人2孫悟空(GT),0,0,4,2024-05-13 02:03:38,2024-05-13 02:03:38
741,超サイヤ人3孫悟空(GT),0,0,4,2024-05-13 02:03:38,2024-05-13 02:03:38
742,ミスター・サタン,0,0,4,2024-05-13 02:03:38,2024-05-13 02:03:38
743,ベジータJr.,0,0,4,2024-05-13 02:03:38,2024-05-13 02:03:38
744,超サイヤ人ベジータJr.,0,0,4,2024-05-13 02:03:38,2024-05-13 02:03:38
745,ランファン,0,0,4,2024-05-13 02:03:38,2024-05-13 02:03:38
746,ヤムチャ,0,0,4,2024-05-13 02:03:38,2024-05-13 02:03:38
747,天津飯,0,0,4,2024-05-13 02:03:38,2024-05-13 02:03:38
748,天津飯,0,0,4,2024-05-13 02:03:38,2024-05-13 02:03:38
749,ミスター・サタン像(ダイヤ),0,0,4,2024-05-13 02:03:38,2024-05-13 02:03:38
750,バジル,0,0,4,2024-05-13 02:03:38,2024-05-13 02:03:38
751,ラベンダ,0,0,4,2024-05-13 02:03:38,2024-05-13 02:03:38
752,ベルガモ,0,0,4,2024-05-13 02:03:38,2024-05-13 02:03:38
753,ベルガモ(巨大化),0,0,10,2024-05-13 02:03:38,2024-05-13 02:03:38
754,トッポ,0,0,4,2024-05-13 02:03:38,2024-05-13 02:03:38
755,魔人ブウ（シェイプアップ）,0,0,4,2024-05-13 02:03:38,2024-05-13 02:03:38
756,ユーリン,0,0,4,2024-05-13 02:03:38,2024-05-13 02:03:38
757,ゴールデンフリーザ(天使),0,0,4,2024-05-13 02:03:38,2024-05-13 02:03:38
758,亀仙人(呪縛),0,0,4,2024-05-13 02:03:38,2024-05-13 02:03:38
759,人造人間17号,0,0,4,2024-05-13 02:03:38,2024-05-13 02:03:38
760,人造人間18号,0,0,4,2024-05-13 02:03:38,2024-05-13 02:03:38
761,第9宇宙の刺客,0,0,4,2024-05-13 02:03:38,2024-05-13 02:03:38
762,アルティメット孫悟飯,0,0,4,2024-05-13 02:03:38,2024-05-13 02:03:38
763,ビルスイス,0,0,4,2024-05-13 02:03:38,2024-05-13 02:03:38
764,セルーザ,0,0,4,2024-05-13 02:03:38,2024-05-13 02:03:38
765,トランクス(幼年期)&孫悟天(幼年期),0,0,4,2024-05-13 02:03:38,2024-05-13 02:03:38
766,天津飯&餃子,0,0,4,2024-05-13 02:03:38,2024-05-13 02:03:38
767,天津飯&餃子,0,0,4,2024-05-13 02:03:38,2024-05-13 02:03:38
768,孫悟飯,0,0,4,2024-05-13 02:03:38,2024-05-13 02:03:38
769,ベジット(アメ玉),0,0,4,2024-05-13 02:03:38,2024-05-13 02:03:38
772,大界王,0,0,4,2024-05-13 02:03:38,2024-05-13 02:03:38
773,孫悟空,0,0,4,2024-05-13 02:03:38,2024-05-13 02:03:38
774,ゴクア,0,0,4,2024-05-13 02:03:38,2024-05-13 02:03:38
775,孫悟空(身勝手の極意“兆”),0,0,4,2024-05-13 02:03:38,2024-05-13 02:03:38
776,孫悟飯(幼年期),0,0,4,2024-05-13 02:03:38,2024-05-13 02:03:38
777,超ベジット,0,0,4,2024-05-13 02:03:38,2024-05-13 02:03:38
778,暗黒トワ,0,0,4,2024-05-13 02:03:38,2024-05-13 02:03:38
780,超サイヤ人2ベジータ&ブルマ,0,0,4,2024-05-13 02:03:38,2024-05-13 02:03:38
781,孫悟飯(少年期),0,0,4,2024-05-13 02:03:38,2024-05-13 02:03:38
782,ゴクウブラック(超サイヤ人ロゼ),0,0,4,2024-05-13 02:03:38,2024-05-13 02:03:38
783,人造人間18号,0,0,4,2024-05-13 02:03:38,2024-05-13 02:03:38
784,超サイヤ人ケフラ,0,0,4,2024-05-13 02:03:38,2024-05-13 02:03:38
786,ベジータ,0,0,4,2024-05-13 02:03:38,2024-05-13 02:03:38
787,スラッグ兵,0,0,4,2024-05-13 02:03:38,2024-05-13 02:03:38
788,アンギラ,0,0,4,2024-05-13 02:03:38,2024-05-13 02:03:38
789,ドロダボ,0,0,4,2024-05-13 02:03:38,2024-05-13 02:03:38
790,メダマッチャ,0,0,4,2024-05-13 02:03:38,2024-05-13 02:03:38
791,パンチマシン,0,0,4,2024-05-13 02:03:38,2024-05-13 02:03:38
792,孫悟空&ベジータ,0,0,4,2024-05-13 02:03:38,2024-05-13 02:03:38
793,孫悟空(天使)&ベジータ(天使),0,0,4,2024-05-13 02:03:38,2024-05-13 02:03:38
794,グレートサイヤマン,0,0,4,2024-05-13 02:03:38,2024-05-13 02:03:38
795,グレートサイヤマン2号,0,0,4,2024-05-13 02:03:38,2024-05-13 02:03:38
796,孫悟空,0,0,4,2024-05-13 02:03:38,2024-05-13 02:03:38
797,超サイヤ人孫悟空&超サイヤ人ベジータ,0,0,4,2024-05-13 02:03:38,2024-05-13 02:03:38
798,超サイヤ人孫悟空(天使)&超サイヤ人ベジータ(天使),0,0,4,2024-05-13 02:03:38,2024-05-13 02:03:38
799,孫悟飯(幼年期),0,0,4,2024-05-13 02:03:38,2024-05-13 02:03:38
800,老界王神(居眠り),0,0,4,2024-05-13 02:03:38,2024-05-13 02:03:38
801,チチ(少女期),0,0,4,2024-05-13 02:03:38,2024-05-13 02:03:38
803,ブラ,0,0,4,2024-05-13 02:03:38,2024-05-13 02:03:38
804,モンナ,0,0,4,2024-05-13 02:03:38,2024-05-13 02:03:38
805,モンナ(巨大化),0,0,10,2024-05-13 02:03:38,2024-05-13 02:03:38
806,超サイヤ人2ケール,0,0,4,2024-05-13 02:03:38,2024-05-13 02:03:38
807,亀仙人,0,0,4,2024-05-13 02:03:38,2024-05-13 02:03:38
808,孫悟空(身勝手の極意“兆”),0,0,4,2024-05-13 02:03:38,2024-05-13 02:03:38
809,超サイヤ人ゴッドSS孫悟空,0,0,4,2024-05-13 02:03:38,2024-05-13 02:03:38
810,超サイヤ人2ケフラ,0,0,4,2024-05-13 02:03:38,2024-05-13 02:03:38
811,スーパーリブリアン,0,0,4,2024-05-13 02:03:38,2024-05-13 02:03:38
812,ジレン,0,0,4,2024-05-13 02:03:38,2024-05-13 02:03:38
813,ジレン,0,0,4,2024-05-13 02:03:38,2024-05-13 02:03:38
814,トッポ(破壊神モード),0,0,4,2024-05-13 02:03:38,2024-05-13 02:03:38
815,超サイヤ人2キャベ,0,0,4,2024-05-13 02:03:38,2024-05-13 02:03:38
816,リブリアン,0,0,4,2024-05-13 02:03:38,2024-05-13 02:03:38
818,ロージィ,0,0,4,2024-05-13 02:03:38,2024-05-13 02:03:38
819,カクンサ,0,0,4,2024-05-13 02:03:38,2024-05-13 02:03:38
820,カーセラル,0,0,4,2024-05-13 02:03:38,2024-05-13 02:03:38
821,カリフラ,0,0,4,2024-05-13 02:03:38,2024-05-13 02:03:38
822,ケール,0,0,4,2024-05-13 02:03:38,2024-05-13 02:03:38
823,孫悟空(身勝手の極意),0,0,4,2024-05-13 02:03:38,2024-05-13 02:03:38
824,ディスポ,0,0,4,2024-05-13 02:03:38,2024-05-13 02:03:38
825,ターレス,0,0,4,2024-05-13 02:03:38,2024-05-13 02:03:38
826,超サイヤ人ゴッド孫悟空,0,0,4,2024-05-13 02:03:38,2024-05-13 02:03:38
827,孫悟飯(幼年期),0,0,4,2024-05-13 02:03:38,2024-05-13 02:03:38
828,ビルス&ウイス,0,0,4,2024-05-13 02:03:38,2024-05-13 02:03:38
829,ヤジロベー,0,0,4,2024-05-13 02:03:38,2024-05-13 02:03:38
830,超サイヤ人ゴッドSSベジータ(進化),0,0,4,2024-05-13 02:03:38,2024-05-13 02:03:38
831,孫悟空,0,0,4,2024-05-13 02:03:38,2024-05-13 02:03:38
832,サオネル,0,0,4,2024-05-13 02:03:38,2024-05-13 02:03:38
833,ピリナ,0,0,4,2024-05-13 02:03:38,2024-05-13 02:03:38
834,アニラーザ,0,0,10,2024-05-13 02:03:38,2024-05-13 02:03:38
835,ジレン,0,0,4,2024-05-13 02:03:38,2024-05-13 02:03:38
836,スラッグ(巨大化),0,0,10,2024-05-13 02:03:38,2024-05-13 02:03:38
838,リブリアン(巨大化),0,0,10,2024-05-13 02:03:38,2024-05-13 02:03:38
839,バーダック,0,0,4,2024-05-13 02:03:38,2024-05-13 02:03:38
840,バーダック,0,0,4,2024-05-13 02:03:38,2024-05-13 02:03:38
841,トランクス(青年期)(未来),0,0,4,2024-05-13 02:03:38,2024-05-13 02:03:38
842,トランクス(青年期)(未来)&マイ(未来),0,0,4,2024-05-13 02:03:38,2024-05-13 02:03:38
843,超フルパワーサイヤ人4孫悟空,0,0,4,2024-05-13 02:03:38,2024-05-13 02:03:38
844,トランクス(幼年期)&孫悟天(幼年期)&マーロン,0,0,4,2024-05-13 02:03:38,2024-05-13 02:03:38
845,超サイヤ人ゴッドSSベジータ,0,0,4,2024-05-13 02:03:38,2024-05-13 02:03:38
846,孫悟空,0,0,4,2024-05-13 02:03:38,2024-05-13 02:03:38
847,密猟者(A),0,0,4,2024-05-13 02:03:38,2024-05-13 02:03:38
848,密猟者(B),0,0,4,2024-05-13 02:03:38,2024-05-13 02:03:38
849,孫悟空(GT),0,0,4,2024-05-13 02:03:38,2024-05-13 02:03:38
850,人造人間21号(通常),0,0,4,2024-05-13 02:03:38,2024-05-13 02:03:38
851,人造人間21号(変身),0,0,4,2024-05-13 02:03:38,2024-05-13 02:03:38
853,孫悟空(界王拳),0,0,4,2024-05-13 02:03:38,2024-05-13 02:03:38
854,超サイヤ人トランクス(未来),0,0,4,2024-05-13 02:03:38,2024-05-13 02:03:38
855,超サイヤ人孫悟空,0,0,4,2024-05-13 02:03:38,2024-05-13 02:03:38
856,超サイヤ人2孫悟空,0,0,4,2024-05-13 02:03:38,2024-05-13 02:03:38
857,超サイヤ人3孫悟空,0,0,4,2024-05-13 02:03:38,2024-05-13 02:03:38
858,超サイヤ人ゴッド孫悟空,0,0,4,2024-05-13 02:03:38,2024-05-13 02:03:38
859,ブロリー(怒り),0,0,4,2024-05-13 02:03:38,2024-05-13 02:03:38
860,超サイヤ人ブロリー,0,0,4,2024-05-13 02:03:38,2024-05-13 02:03:38
861,人造人間21号(変身・善),0,0,4,2024-05-13 02:03:38,2024-05-13 02:03:38
862,人造人間21号(変身・悪),0,0,4,2024-05-13 02:03:38,2024-05-13 02:03:38
863,クローン魔人ブウ,0,0,4,2024-05-13 02:03:38,2024-05-13 02:03:38
864,クローン孫悟空,0,0,4,2024-05-13 02:03:38,2024-05-13 02:03:38
865,クローンベジータ,0,0,4,2024-05-13 02:03:38,2024-05-13 02:03:38
866,クローン孫悟飯,0,0,4,2024-05-13 02:03:38,2024-05-13 02:03:38
867,クローンピッコロ,0,0,4,2024-05-13 02:03:38,2024-05-13 02:03:38
868,クローンヤムチャ,0,0,4,2024-05-13 02:03:38,2024-05-13 02:03:38
869,クローン天津飯,0,0,4,2024-05-13 02:03:38,2024-05-13 02:03:38
870,ブロリー,0,0,4,2024-05-13 02:03:38,2024-05-13 02:03:38
871,クローンクリリン,0,0,4,2024-05-13 02:03:38,2024-05-13 02:03:38
872,クローントランクス,0,0,4,2024-05-13 02:03:38,2024-05-13 02:03:38
873,ベジータ,0,0,4,2024-05-13 02:03:38,2024-05-13 02:03:38
874,セル(完全体),0,0,4,2024-05-13 02:03:38,2024-05-13 02:03:38
875,グレートサイヤマン1号&2号,0,0,4,2024-05-13 02:03:38,2024-05-13 02:03:38
876,孫悟空&フリーザ(最終形態)(天使),0,0,4,2024-05-13 02:03:38,2024-05-13 02:03:38
877,超サイヤ人孫悟飯(GT),0,0,4,2024-05-13 02:03:38,2024-05-13 02:03:38
878,フリーザ(最終形態),0,0,4,2024-05-13 02:03:38,2024-05-13 02:03:38
880,トービ,0,0,4,2024-05-13 02:03:38,2024-05-13 02:03:38
881,キャビラ,0,0,4,2024-05-13 02:03:38,2024-05-13 02:03:38
882,トオロ,0,0,4,2024-05-13 02:03:38,2024-05-13 02:03:38
883,ブリアン・デ・シャトー,0,0,4,2024-05-13 02:03:38,2024-05-13 02:03:38
884,孫悟空(界王拳),0,0,4,2024-05-13 02:03:38,2024-05-13 02:03:38
885,超サイヤ人ゴテンクス&ゴースト,0,0,4,2024-05-13 02:03:38,2024-05-13 02:03:38
886,孫悟飯(青年期),0,0,4,2024-05-13 02:03:38,2024-05-13 02:03:38
887,ベジータ,0,0,4,2024-05-13 02:03:38,2024-05-13 02:03:38
888,ヤムチャ&プーアル,0,0,4,2024-05-13 02:03:38,2024-05-13 02:03:38
889,超サイヤ人孫悟空,0,0,4,2024-05-13 02:03:38,2024-05-13 02:03:38
892,超サイヤ人ベジータ,0,0,4,2024-05-13 02:03:38,2024-05-13 02:03:38
893,ピッコロ,0,0,4,2024-05-13 02:03:38,2024-05-13 02:03:38
894,ピッコロ,0,0,4,2024-05-13 02:03:38,2024-05-13 02:03:38
895,グルメス,0,0,4,2024-05-13 02:03:38,2024-05-13 02:03:38
896,ボンゴ,0,0,4,2024-05-13 02:03:38,2024-05-13 02:03:38
897,パスタ,0,0,4,2024-05-13 02:03:38,2024-05-13 02:03:38
898,クリリン,0,0,4,2024-05-13 02:03:38,2024-05-13 02:03:38
899,餃子,0,0,4,2024-05-13 02:03:38,2024-05-13 02:03:38
900,超サイヤ人ベジータ,0,0,4,2024-05-13 02:03:38,2024-05-13 02:03:38
901,ビルス(モナカの着ぐるみ),0,0,4,2024-05-13 02:03:38,2024-05-13 02:03:38
902,ビルス(モナカの着ぐるみ),0,0,4,2024-05-13 02:03:38,2024-05-13 02:03:38
903,人造人間18号,0,0,4,2024-05-13 02:03:38,2024-05-13 02:03:38
904,超サイヤ人3孫悟空(ゼノ),0,0,4,2024-05-13 02:03:38,2024-05-13 02:03:38
905,超サイヤ人3ベジータ(ゼノ),0,0,4,2024-05-13 02:03:38,2024-05-13 02:03:38
906,時の界王神(時の力解放),0,0,4,2024-05-13 02:03:38,2024-05-13 02:03:38
907,超ミラ,0,0,4,2024-05-13 02:03:38,2024-05-13 02:03:38
908,魔神ドミグラ(魔強化形態),0,0,4,2024-05-13 02:03:38,2024-05-13 02:03:38
909,暗黒仮面王,0,0,4,2024-05-13 02:03:38,2024-05-13 02:03:38
910,黒仮面のサイヤ人,0,0,4,2024-05-13 02:03:38,2024-05-13 02:03:38
911,人造人間18号(リンク状態),0,0,4,2024-05-13 02:03:38,2024-05-13 02:03:38
912,孫悟飯(青年期)&ビーデル,0,0,4,2024-05-13 02:03:38,2024-05-13 02:03:38
913,トランクス(青年期)(未来),0,0,4,2024-05-13 02:03:38,2024-05-13 02:03:38
914,バビディ&ダーブラ,0,0,4,2024-05-13 02:03:38,2024-05-13 02:03:38
915,フロスト(フルパワー),0,0,4,2024-05-13 02:03:38,2024-05-13 02:03:38
916,ボタマゲッタ,0,0,4,2024-05-13 02:03:38,2024-05-13 02:03:38
917,ゴクウブラック(超サイヤ人ロゼ),0,0,4,2024-05-13 02:03:38,2024-05-13 02:03:38
919,トランクス(幼年期)＆マイ,0,0,4,2024-05-13 02:03:38,2024-05-13 02:03:38
920,フリーザ(フルパワー),0,0,4,2024-05-13 02:03:38,2024-05-13 02:03:38
921,魔人ベジータ,0,0,4,2024-05-13 02:03:38,2024-05-13 02:03:38
923,超サイヤ人孫悟空,0,0,4,2024-05-13 02:03:38,2024-05-13 02:03:38
924,超サイヤ人ゴッド孫悟空,0,0,4,2024-05-13 02:03:38,2024-05-13 02:03:38
925,超サイヤ人ベジータ,0,0,4,2024-05-13 02:03:38,2024-05-13 02:03:38
926,超サイヤ人ゴッドベジータ,0,0,4,2024-05-13 02:03:38,2024-05-13 02:03:38
927,孫悟空,0,0,4,2024-05-13 02:03:38,2024-05-13 02:03:38
928,超サイヤ人ゴッドSS孫悟空,0,0,4,2024-05-13 02:03:38,2024-05-13 02:03:38
929,ベジータ,0,0,4,2024-05-13 02:03:38,2024-05-13 02:03:38
930,超サイヤ人ゴッドSSベジータ,0,0,4,2024-05-13 02:03:38,2024-05-13 02:03:38
931,超サイヤ人ゴジータ,0,0,4,2024-05-13 02:03:38,2024-05-13 02:03:38
932,超サイヤ人ゴッドSSゴジータ,0,0,4,2024-05-13 02:03:38,2024-05-13 02:03:38
933,超サイヤ人ブロリー(フルパワー),0,0,4,2024-05-13 02:03:38,2024-05-13 02:03:38
934,ガステル,0,0,4,2024-05-13 02:03:38,2024-05-13 02:03:38
935,アリジゴクもどき,0,0,10,2024-05-13 02:03:38,2024-05-13 02:03:38
936,ギル,0,0,4,2024-05-13 02:03:38,2024-05-13 02:03:38
937,グリール,0,0,4,2024-05-13 02:03:38,2024-05-13 02:03:38
938,グリール(複製),0,0,4,2024-05-13 02:03:38,2024-05-13 02:03:38
939,複製ベジータ,0,0,4,2024-05-13 02:03:38,2024-05-13 02:03:38
940,複製ベジータ(超サイヤ人ゴッドSS),0,0,4,2024-05-13 02:03:38,2024-05-13 02:03:38
941,孫悟空(GT)&パン(GT)&トランクス(GT),0,0,4,2024-05-13 02:03:38,2024-05-13 02:03:38
942,大ダニ,0,0,4,2024-05-13 02:03:38,2024-05-13 02:03:38
944,パラガス,0,0,4,2024-05-13 02:03:38,2024-05-13 02:03:38
945,ブロリー,0,0,4,2024-05-13 02:03:38,2024-05-13 02:03:38
946,ベジータ,0,0,4,2024-05-13 02:03:38,2024-05-13 02:03:38
949,孫悟空(少年期),0,0,4,2024-05-13 02:03:38,2024-05-13 02:03:38
950,超サイヤ人ゴッドベジータ,0,0,4,2024-05-13 02:03:38,2024-05-13 02:03:38
951,孫悟空(少年期)&則巻アラレ,0,0,4,2024-05-13 02:03:38,2024-05-13 02:03:38
952,亀仙人,0,0,4,2024-05-13 02:03:38,2024-05-13 02:03:38
954,天津飯,0,0,4,2024-05-13 02:03:38,2024-05-13 02:03:38
955,鶴仙人,0,0,4,2024-05-13 02:03:38,2024-05-13 02:03:38
956,メタリック軍曹,0,0,4,2024-05-13 02:03:38,2024-05-13 02:03:38
957,孫悟空(DOKKAN武闘伝),0,0,4,2024-05-13 02:03:38,2024-05-13 02:03:38
958,ベジータ(DOKKAN武闘伝),0,0,4,2024-05-13 02:03:38,2024-05-13 02:03:38
959,五星龍,0,0,4,2024-05-13 02:03:38,2024-05-13 02:03:38
960,カリフラ&ケール,0,0,4,2024-05-13 02:03:38,2024-05-13 02:03:38
961,超サイヤ人カリフラ&超サイヤ人ケール,0,0,4,2024-05-13 02:03:38,2024-05-13 02:03:38
962,超サイヤ人2カリフラ&超サイヤ人2ケール,0,0,4,2024-05-13 02:03:38,2024-05-13 02:03:38
963,孫悟飯(青年期)&孫悟天(幼年期),0,0,4,2024-05-13 02:03:38,2024-05-13 02:03:38
964,超サイヤ人孫悟飯(青年期)&超サイヤ人孫悟天(幼年期),0,0,4,2024-05-13 02:03:38,2024-05-13 02:03:38
965,サオネル&ピリナ,0,0,4,2024-05-13 02:03:38,2024-05-13 02:03:38
966,超サイヤ人トランクス(未来),0,0,4,2024-05-13 02:03:38,2024-05-13 02:03:38
967,合体ザマス,0,0,4,2024-05-13 02:03:38,2024-05-13 02:03:38
968,ミスター・サタン,0,0,4,2024-05-13 02:03:38,2024-05-13 02:03:38
969,ビート,0,0,4,2024-05-13 02:03:38,2024-05-13 02:03:38
970,グレートサイヤマン4号,0,0,4,2024-05-13 02:03:38,2024-05-13 02:03:38
971,グレートサイヤマン3号,0,0,4,2024-05-13 02:03:38,2024-05-13 02:03:38
972,シーラス,0,0,4,2024-05-13 02:03:38,2024-05-13 02:03:38
973,シーラス(融合体),0,0,4,2024-05-13 02:03:38,2024-05-13 02:03:38
974,ゴワス,0,0,4,2024-05-13 02:03:38,2024-05-13 02:03:38
976,ハッチャン,0,0,4,2024-05-13 02:03:38,2024-05-13 02:03:38
977,メカフリーザ&コルド大王,0,0,4,2024-05-13 02:03:38,2024-05-13 02:03:38
978,トランクス(青年期)(未来),0,0,4,2024-05-13 02:03:38,2024-05-13 02:03:38
979,超サイヤ人トランクス(未来),0,0,4,2024-05-13 02:03:38,2024-05-13 02:03:38
981,アムズ(第二形態),0,0,4,2024-05-13 02:03:38,2024-05-13 02:03:38
982,アムズ(第三形態),0,0,4,2024-05-13 02:03:38,2024-05-13 02:03:38
983,孫悟空(ゼノ),0,0,4,2024-05-13 02:03:38,2024-05-13 02:03:38
984,ベジータ(ゼノ),0,0,4,2024-05-13 02:03:38,2024-05-13 02:03:38
986,孫悟空,0,0,4,2024-05-13 02:03:38,2024-05-13 02:03:38
987,フリーザ(最終形態),0,0,4,2024-05-13 02:03:38,2024-05-13 02:03:38
988,ゴジータ,0,0,4,2024-05-13 02:03:38,2024-05-13 02:03:38
989,孫悟飯(青年期),0,0,4,2024-05-13 02:03:38,2024-05-13 02:03:38
990,超サイヤ人孫悟飯(青年期),0,0,4,2024-05-13 02:03:38,2024-05-13 02:03:38
991,超サイヤ人孫悟空,0,0,4,2024-05-13 02:03:38,2024-05-13 02:03:38
992,孫悟空(少年期)&ブルマ(少女期),0,0,4,2024-05-13 02:03:38,2024-05-13 02:03:38
993,孫悟天(幼年期),0,0,4,2024-05-13 02:03:38,2024-05-13 02:03:38
994,超サイヤ人孫悟天(幼年期),0,0,4,2024-05-13 02:03:38,2024-05-13 02:03:38
995,超サイヤ人トランクス(幼年期),0,0,4,2024-05-13 02:03:38,2024-05-13 02:03:38
997,人造人間16号,0,0,4,2024-05-13 02:03:38,2024-05-13 02:03:38
998,ピッコロ,0,0,4,2024-05-13 02:03:38,2024-05-13 02:03:38
999,人造人間18号,0,0,4,2024-05-13 02:03:38,2024-05-13 02:03:38
1000,人造人間18号,0,0,4,2024-05-13 02:03:38,2024-05-13 02:03:38
1001,人造人間18号,0,0,4,2024-05-13 02:03:38,2024-05-13 02:03:38
1002,パーフェクトセル,0,0,4,2024-05-13 02:03:38,2024-05-13 02:03:38
1003,ベジータ,0,0,4,2024-05-13 02:03:38,2024-05-13 02:03:38
1004,超サイヤ人孫悟飯(少年期),0,0,4,2024-05-13 02:03:38,2024-05-13 02:03:38
1005,超サイヤ人孫悟空,0,0,4,2024-05-13 02:03:38,2024-05-13 02:03:38
1006,超サイヤ人2孫悟飯(少年期),0,0,4,2024-05-13 02:03:38,2024-05-13 02:03:38
1007,超サイヤ人孫悟空/超サイヤ人孫悟飯(少年期),0,0,4,2024-05-13 02:03:38,2024-05-13 02:03:38
1008,超サイヤ人孫悟飯(少年期),0,0,4,2024-05-13 02:03:38,2024-05-13 02:03:38
1009,ピッコロ,0,0,4,2024-05-13 02:03:38,2024-05-13 02:03:38
1010,トランクス(青年期)(未来),0,0,4,2024-05-13 02:03:38,2024-05-13 02:03:38
1011,超サイヤ人トランクス(未来),0,0,4,2024-05-13 02:03:38,2024-05-13 02:03:38
1012,ランチ,0,0,4,2024-05-13 02:03:38,2024-05-13 02:03:38
1013,人造人間17号&18号,0,0,4,2024-05-13 02:03:38,2024-05-13 02:03:38
1014,人造人間17号&18号/人造人間16号,0,0,4,2024-05-13 02:03:38,2024-05-13 02:03:38
1015,ミスター・サタン,0,0,4,2024-05-13 02:03:38,2024-05-13 02:03:38
1017,クリリン,0,0,4,2024-05-13 02:03:38,2024-05-13 02:03:38
1018,孫悟空,0,0,4,2024-05-13 02:03:38,2024-05-13 02:03:38
1025,スケさん,0,0,4,2024-05-13 02:03:38,2024-05-13 02:03:38
1027,超サイヤ人孫悟飯(少年期),0,0,4,2024-05-13 02:03:38,2024-05-13 02:03:38
1028,人造人間13号,0,0,4,2024-05-13 02:03:38,2024-05-13 02:03:38
1029,トランクス(幼年期)(グレートサイヤマン),0,0,4,2024-05-13 02:03:38,2024-05-13 02:03:38
1030,孫悟空,0,0,4,2024-05-13 02:03:38,2024-05-13 02:03:38
1031,ゴールデンクウラ,0,0,4,2024-05-13 02:03:38,2024-05-13 02:03:38
1032,カンバー,0,0,4,2024-05-13 02:03:38,2024-05-13 02:03:38
1033,超サイヤ人カンバー(大猿カンバー),0,0,4,2024-05-13 02:03:38,2024-05-13 02:03:38
1034,超サイヤ人カンバー(大猿カンバー)(大猿),0,0,10,2024-05-13 02:03:38,2024-05-13 02:03:38
1036,ベジークス(ゼノ),0,0,4,2024-05-13 02:03:38,2024-05-13 02:03:38
1037,ゴテンクス(ゼノ),0,0,4,2024-05-13 02:03:38,2024-05-13 02:03:38
1038,ゴハンクス(ゼノ),0,0,4,2024-05-13 02:03:38,2024-05-13 02:03:38
1039,フュー,0,0,4,2024-05-13 02:03:38,2024-05-13 02:03:38
1040,超フュー,0,0,4,2024-05-13 02:03:38,2024-05-13 02:03:38
1042,悪のサイヤ人,0,0,4,2024-05-13 02:03:38,2024-05-13 02:03:38
1043,超サイヤ人孫悟空,0,0,4,2024-05-13 02:03:38,2024-05-13 02:03:38
1044,超サイヤ人ゴッドSS孫悟空(界王拳),0,0,4,2024-05-13 02:03:38,2024-05-13 02:03:38
1045,人造人間14号&15号,0,0,4,2024-05-13 02:03:38,2024-05-13 02:03:38
1046,グレートサイヤマン,0,0,4,2024-05-13 02:03:38,2024-05-13 02:03:38
1047,グレートサイヤマン(SS),0,0,4,2024-05-13 02:03:38,2024-05-13 02:03:38
1048,孫悟空(サンタクロース),0,0,4,2024-05-13 02:03:38,2024-05-13 02:03:38
1049,人造人間17号&18号,0,0,4,2024-05-13 02:03:38,2024-05-13 02:03:38
1050,超サイヤ人2孫悟空(天使),0,0,4,2024-05-13 02:03:38,2024-05-13 02:03:38
1051,ミスター・ブウ,0,0,4,2024-05-13 02:03:38,2024-05-13 02:03:38
1053,ヤムー&スポポビッチ,0,0,4,2024-05-13 02:03:38,2024-05-13 02:03:38
1054,ジャッキー・チュン(MAXパワー),0,0,4,2024-05-13 02:03:38,2024-05-13 02:03:38
1055,合体ザマス,0,0,4,2024-05-13 02:03:38,2024-05-13 02:03:38
1056,ババリ星人,0,0,4,2024-05-13 02:03:38,2024-05-13 02:03:38
1057,ベジータ(幼年期),0,0,4,2024-05-13 02:03:38,2024-05-13 02:03:38
1058,ブロリー(幼年期),0,0,4,2024-05-13 02:03:38,2024-05-13 02:03:38
1059,ベジータ(幼年期)&ラディッツ(幼年期),0,0,4,2024-05-13 02:03:38,2024-05-13 02:03:38
1060,超サイヤ人ゴッドSSベジット,0,0,4,2024-05-13 02:03:38,2024-05-13 02:03:38
1061,ブロリー&チライ&レモ,0,0,4,2024-05-13 02:03:38,2024-05-13 02:03:38
1062,バーダック,0,0,4,2024-05-13 02:03:38,2024-05-13 02:03:38
1063,フリーザ(第一形態),0,0,2,2024-05-13 02:03:38,2024-05-13 02:03:38
1064,ラディッツ(幼年期),0,0,4,2024-05-13 02:03:38,2024-05-13 02:03:38
1066,ブロリー,0,0,4,2024-05-13 02:03:38,2024-05-13 02:03:38
1067,ブロリー,0,0,4,2024-05-13 02:03:38,2024-05-13 02:03:38
1068,ベジータ,0,0,4,2024-05-13 02:03:38,2024-05-13 02:03:38
1069,孫悟空,0,0,4,2024-05-13 02:03:38,2024-05-13 02:03:38
1070,ザマス(孫悟空),0,0,4,2024-05-13 02:03:38,2024-05-13 02:03:38
1071,ザマス,0,0,4,2024-05-13 02:03:38,2024-05-13 02:03:38
1073,トーマ,0,0,4,2024-05-13 02:03:38,2024-05-13 02:03:38
1074,パンブーキン,0,0,4,2024-05-13 02:03:38,2024-05-13 02:03:38
1075,トテッポ,0,0,4,2024-05-13 02:03:38,2024-05-13 02:03:38
1076,セリパ,0,0,4,2024-05-13 02:03:38,2024-05-13 02:03:38
1078,バーダックチーム,0,0,4,2024-05-13 02:03:38,2024-05-13 02:03:38
1080,チライ,0,0,4,2024-05-13 02:03:38,2024-05-13 02:03:38
1082,超サイヤ人3ゴテンクス,0,0,4,2024-05-13 02:03:38,2024-05-13 02:03:38
1083,ナッパ,0,0,4,2024-05-13 02:03:38,2024-05-13 02:03:38
1084,ナッパ,0,0,4,2024-05-13 02:03:38,2024-05-13 02:03:38
1085,ベジータ,0,0,4,2024-05-13 02:03:38,2024-05-13 02:03:38
1086,トランクス(青年期),0,0,4,2024-05-13 02:03:38,2024-05-13 02:03:38
1087,クリリン,0,0,4,2024-05-13 02:03:38,2024-05-13 02:03:38
1088,ビルス,0,0,4,2024-05-13 02:03:38,2024-05-13 02:03:38
1091,魔人ブウ(悪),0,0,4,2024-05-13 02:03:38,2024-05-13 02:03:38
1093,ケフラ,0,0,4,2024-05-13 02:03:38,2024-05-13 02:03:38
1094,超サイヤ人ゴッドSS孫悟空&超サイヤ人ゴッドSSベジータ,0,0,4,2024-05-13 02:03:38,2024-05-13 02:03:38
1095,超サイヤ人ゴッドSS孫悟空(界王拳)&超サイヤ人ゴッドSSベジータ(進化),0,0,4,2024-05-13 02:03:38,2024-05-13 02:03:38
1096,クリリン,0,0,4,2024-05-13 02:03:38,2024-05-13 02:03:38
1097,アンニン,0,0,4,2024-05-13 02:03:38,2024-05-13 02:03:38
1098,孫悟空&孫悟飯(幼年期),0,0,4,2024-05-13 02:03:38,2024-05-13 02:03:38
1099,超サイヤ人4ベジット(ゼノ),0,0,4,2024-05-13 02:03:38,2024-05-13 02:03:38
1101,ゴテンクス,0,0,4,2024-05-13 02:03:38,2024-05-13 02:03:38
1102,界王神＆キビト,0,0,4,2024-05-13 02:03:38,2024-05-13 02:03:38
1103,孫悟飯(幼年期),0,0,4,2024-05-13 02:03:38,2024-05-13 02:03:38
1104,天津飯,0,0,4,2024-05-13 02:03:38,2024-05-13 02:03:38
1105,ベジータ(天使),0,0,4,2024-05-13 02:03:38,2024-05-13 02:03:38
1106,超サイヤ人2ベジータ(天使),0,0,4,2024-05-13 02:03:38,2024-05-13 02:03:38
1107,孫悟空&ベジータ(天使),0,0,4,2024-05-13 02:03:38,2024-05-13 02:03:38
1108,魔人ブウ(ピッコロ吸収),0,0,4,2024-05-13 02:03:38,2024-05-13 02:03:38
1109,魔人ブウ(ゴテンクス吸収),0,0,4,2024-05-13 02:03:38,2024-05-13 02:03:38
1110,魔人ブウ(アルティメット悟飯吸収),0,0,4,2024-05-13 02:03:38,2024-05-13 02:03:38
1112,魔神トワ,0,0,4,2024-05-13 02:03:38,2024-05-13 02:03:38
1114,超サイヤ人ベジータ(天使),0,0,4,2024-05-13 02:03:38,2024-05-13 02:03:38
1115,魔神サルサ,0,0,4,2024-05-13 02:03:38,2024-05-13 02:03:38
1116,魔神ダーブラ(ゼノ),0,0,4,2024-05-13 02:03:38,2024-05-13 02:03:38
1117,超サイヤ人4ブロリー,0,0,4,2024-05-13 02:03:38,2024-05-13 02:03:38
1118,超サイヤ人4バーダック,0,0,4,2024-05-13 02:03:38,2024-05-13 02:03:38
1119,超サイヤ人4孫悟飯,0,0,4,2024-05-13 02:03:38,2024-05-13 02:03:38
1121,猛血虎,0,0,4,2024-05-13 02:03:38,2024-05-13 02:03:38
1122,超サイヤ人3孫悟空,0,0,4,2024-05-13 02:03:38,2024-05-13 02:03:38
1123,ミスター・サタン,0,0,4,2024-05-13 02:03:38,2024-05-13 02:03:38
1124,暗黒仮面王,0,0,4,2024-05-13 02:03:38,2024-05-13 02:03:38
1125,魔神ドミグラ(最終形態),0,0,10,2024-05-13 02:03:38,2024-05-13 02:03:38
1126,ミラ(最終形態),0,0,4,2024-05-13 02:03:38,2024-05-13 02:03:38
1127,孫悟空(少年期),0,0,4,2024-05-13 02:03:38,2024-05-13 02:03:38
1128,孫悟飯(じいちゃん)&パン(GT),0,0,4,2024-05-13 02:03:38,2024-05-13 02:03:38
1129,イワン,0,0,4,2024-05-13 02:03:38,2024-05-13 02:03:38
1130,ヘレス,0,0,4,2024-05-13 02:03:38,2024-05-13 02:03:38
1131,モスコ,0,0,4,2024-05-13 02:03:38,2024-05-13 02:03:38
1132,キテラ,0,0,4,2024-05-13 02:03:38,2024-05-13 02:03:38
1133,アラク,0,0,4,2024-05-13 02:03:38,2024-05-13 02:03:38
1134,リキール,0,0,4,2024-05-13 02:03:38,2024-05-13 02:03:38
1135,シドラ,0,0,4,2024-05-13 02:03:38,2024-05-13 02:03:38
1136,ラムーシ,0,0,4,2024-05-13 02:03:38,2024-05-13 02:03:38
1137,ベルモッド,0,0,4,2024-05-13 02:03:38,2024-05-13 02:03:38
1138,ジーン,0,0,4,2024-05-13 02:03:38,2024-05-13 02:03:38
1139,バビディ&魔人ブウ(善),0,0,4,2024-05-13 02:03:38,2024-05-13 02:03:38
1140,超サイヤ人ゴッドSSベジータ(進化),0,0,4,2024-05-13 02:03:38,2024-05-13 02:03:38
1141,超サイヤ人孫悟飯(少年期),0,0,4,2024-05-13 02:03:38,2024-05-13 02:03:38
1142,超サイヤ人2孫悟飯(少年期),0,0,4,2024-05-13 02:03:38,2024-05-13 02:03:38
1143,ゴールデンフリーザ(天使)&アルティメット孫悟飯,0,0,4,2024-05-13 02:03:38,2024-05-13 02:03:38
1144,アルティメット孫悟飯&ピッコロ,0,0,4,2024-05-13 02:03:38,2024-05-13 02:03:38
1145,人造人間17号(第7宇宙チーム),0,0,4,2024-05-13 02:03:38,2024-05-13 02:03:38
1146,ゴールデンフリーザ(天使)&人造人間17号,0,0,4,2024-05-13 02:03:38,2024-05-13 02:03:38
1147,孫悟飯(少年期)(サンタクロース),0,0,4,2024-05-13 02:03:38,2024-05-13 02:03:38
1149,ダーコリ,0,0,4,2024-05-13 02:03:38,2024-05-13 02:03:38
1151,ガノス(変身),0,0,4,2024-05-13 02:03:38,2024-05-13 02:03:38
1152,クリリン&人造人間18号,0,0,4,2024-05-13 02:03:38,2024-05-13 02:03:38
1153,セル(完全体),0,0,4,2024-05-13 02:03:38,2024-05-13 02:03:38
1154,亀仙人&天津飯,0,0,4,2024-05-13 02:03:38,2024-05-13 02:03:38
1155,ザ・プリーチョ,0,0,4,2024-05-13 02:03:38,2024-05-13 02:03:38
1156,ビルス,0,0,4,2024-05-13 02:03:38,2024-05-13 02:03:38
1157,ベジータ(幼年期),0,0,4,2024-05-13 02:03:38,2024-05-13 02:03:38
1158,超サイヤ人トランクス(幼年期)&超サイヤ人孫悟天(幼年期),0,0,4,2024-05-13 02:03:38,2024-05-13 02:03:38
1159,ビーデル,0,0,4,2024-05-13 02:03:38,2024-05-13 02:03:38
1160,ビーデル,0,0,4,2024-05-13 02:03:38,2024-05-13 02:03:38
1162,トランクス(青年期),0,0,4,2024-05-13 02:03:38,2024-05-13 02:03:38
1163,タピオン&ミノシア,0,0,4,2024-05-13 02:03:38,2024-05-13 02:03:38
1164,トランクス(青年期),0,0,4,2024-05-13 02:03:38,2024-05-13 02:03:38
1165,孫悟飯(GT)&孫悟天(GT),0,0,4,2024-05-13 02:03:38,2024-05-13 02:03:38
1166,トランクス(GT)&孫悟天(GT),0,0,4,2024-05-13 02:03:38,2024-05-13 02:03:38
1167,超サイヤ人孫悟空(GT),0,0,4,2024-05-13 02:03:38,2024-05-13 02:03:38
1169,ベビー,0,0,4,2024-05-13 02:03:38,2024-05-13 02:03:38
1171,孫悟空&ピッコロ,0,0,4,2024-05-13 02:03:38,2024-05-13 02:03:38
1172,孫悟空&ピッコロ,0,0,4,2024-05-13 02:03:38,2024-05-13 02:03:38
1173,グレートサイヤマン,0,0,4,2024-05-13 02:03:38,2024-05-13 02:03:38
1175,孫悟空,0,0,4,2024-05-13 02:03:38,2024-05-13 02:03:38
1176,超サイヤ人孫悟飯(少年期),0,0,4,2024-05-13 02:03:38,2024-05-13 02:03:38
1177,桃白白,0,0,4,2024-05-13 02:03:38,2024-05-13 02:03:38
1178,孫悟空(天使)&ベジータ(天使),0,0,4,2024-05-13 02:03:38,2024-05-13 02:03:38
1179,ピッコロ&クリリン,0,0,4,2024-05-13 02:03:38,2024-05-13 02:03:38
1180,ガッシュ,0,0,4,2024-05-13 02:03:38,2024-05-13 02:03:38
1181,ゾルド,0,0,4,2024-05-13 02:03:38,2024-05-13 02:03:38
1182,ビネガー,0,0,4,2024-05-13 02:03:38,2024-05-13 02:03:38
1183,タード,0,0,4,2024-05-13 02:03:38,2024-05-13 02:03:38
1184,孫悟天(幼年期),0,0,4,2024-05-13 02:03:38,2024-05-13 02:03:38
1185,超ゴジータ,0,0,4,2024-05-13 02:03:38,2024-05-13 02:03:38
1187,超サイヤ人孫悟空,0,0,4,2024-05-13 02:03:38,2024-05-13 02:03:38
1188,スーパージャネンバ,0,0,4,2024-05-13 02:03:38,2024-05-13 02:03:38
1189,キャウェイ,0,0,4,2024-05-13 02:03:38,2024-05-13 02:03:38
1191,フリーザ(第三形態),0,0,4,2024-05-13 02:03:38,2024-05-13 02:03:38
1192,超サイヤ人孫悟空,0,0,4,2024-05-13 02:03:38,2024-05-13 02:03:38
1193,マルカリータ,0,0,4,2024-05-13 02:03:38,2024-05-13 02:03:38
1194,孫悟飯(幼年期),0,0,4,2024-05-13 02:03:38,2024-05-13 02:03:38
1196,孫悟空,0,0,4,2024-05-13 02:03:38,2024-05-13 02:03:38
1197,孫悟空,0,0,4,2024-05-13 02:03:38,2024-05-13 02:03:38
1198,孫悟空,0,0,4,2024-05-13 02:03:38,2024-05-13 02:03:38
1199,ザーボン&ドドリア,0,0,4,2024-05-13 02:03:38,2024-05-13 02:03:38
1200,ベジータ,0,0,4,2024-05-13 02:03:38,2024-05-13 02:03:38
1201,クリリン&孫悟飯(幼年期),0,0,4,2024-05-13 02:03:38,2024-05-13 02:03:38
1202,クリリン&孫悟飯(幼年期),0,0,4,2024-05-13 02:03:38,2024-05-13 02:03:38
1203,孫悟空,0,0,4,2024-05-13 02:03:38,2024-05-13 02:03:38
1204,ピッコロ,0,0,4,2024-05-13 02:03:38,2024-05-13 02:03:38
1205,ザーボン,0,0,4,2024-05-13 02:03:38,2024-05-13 02:03:38
1206,超サイヤ人トランクス(青年期),0,0,4,2024-05-13 02:03:38,2024-05-13 02:03:38
1207,ヒット&超サイヤ人ゴッド孫悟空,0,0,4,2024-05-13 02:03:38,2024-05-13 02:03:38
1208,ハッチャン(暴走),0,0,4,2024-05-13 02:03:38,2024-05-13 02:03:38
1209,ハッチャン&人造人間17号,0,0,4,2024-05-13 02:03:38,2024-05-13 02:03:38
1210,超サイヤ人4孫悟空&超サイヤ人4ベジータ,0,0,4,2024-05-13 02:03:38,2024-05-13 02:03:38
1211,超サイヤ人ゴッド孫悟空&超サイヤ人ゴッドベジータ,0,0,4,2024-05-13 02:03:38,2024-05-13 02:03:38
1212,超サイヤ人ゴッドSS孫悟空&超サイヤ人ゴッドSSベジータ,0,0,4,2024-05-13 02:03:38,2024-05-13 02:03:38
1213,超サイヤ人ゴッドトランクス(ゼノ),0,0,4,2024-05-13 02:03:38,2024-05-13 02:03:38
1214,魔神プティン,0,0,4,2024-05-13 02:03:38,2024-05-13 02:03:38
1215,ロベル,0,0,4,2024-05-13 02:03:38,2024-05-13 02:03:38
1216,パン(ゼノ),0,0,4,2024-05-13 02:03:38,2024-05-13 02:03:38
1217,暗黒王メチカブラ(時の力解放),0,0,4,2024-05-13 02:03:38,2024-05-13 02:03:38
1218,時の界王神(洗脳),0,0,4,2024-05-13 02:03:38,2024-05-13 02:03:38
1219,超サイヤ人孫悟空(ゼノ),0,0,4,2024-05-13 02:03:38,2024-05-13 02:03:38
1220,超サイヤ人ベジータ(ゼノ),0,0,4,2024-05-13 02:03:38,2024-05-13 02:03:38
1221,超サイヤ人ベジークス(ゼノ),0,0,4,2024-05-13 02:03:38,2024-05-13 02:03:38
1222,超サイヤ人3ゴハンクス(ゼノ),0,0,4,2024-05-13 02:03:38,2024-05-13 02:03:38
1223,超サイヤ人3ゴテンクス(ゼノ),0,0,4,2024-05-13 02:03:38,2024-05-13 02:03:38
1224,人造人間17号(未来)&18号(未来),0,0,4,2024-05-13 02:03:38,2024-05-13 02:03:38
1225,ドクター・ゲロ&人造人間19号,0,0,4,2024-05-13 02:03:38,2024-05-13 02:03:38
1226,超サイヤ人孫悟飯(未来)&トランクス(少年期)(未来),0,0,4,2024-05-13 02:03:38,2024-05-13 02:03:38
1227,超サイヤ人孫悟飯(未来),0,0,4,2024-05-13 02:03:38,2024-05-13 02:03:38
1228,超サイヤ人4ゴジータ,0,0,4,2024-05-13 02:03:38,2024-05-13 02:03:38
1229,ジース&バータ,0,0,4,2024-05-13 02:03:38,2024-05-13 02:03:38
1230,リクーム&グルド,0,0,4,2024-05-13 02:03:38,2024-05-13 02:03:38
1231,孫悟空(界王拳),0,0,4,2024-05-13 02:03:38,2024-05-13 02:03:38
1232,ベジータ,0,0,4,2024-05-13 02:03:38,2024-05-13 02:03:38
1233,ベジータ(大猿),0,0,10,2024-05-13 02:03:38,2024-05-13 02:03:38
1234,孫悟飯(青年期)&孫悟天(幼年期),0,0,4,2024-05-13 02:03:38,2024-05-13 02:03:38
1235,孫悟飯(青年期)&孫悟天(幼年期)&トランクス(幼年期),0,0,4,2024-05-13 02:03:38,2024-05-13 02:03:38
1236,超サイヤ人孫悟空Jr.&超サイヤ人ベジータJr.,0,0,4,2024-05-13 02:03:38,2024-05-13 02:03:38
1237,孫悟空Jr.&ベジータJr.,0,0,4,2024-05-13 02:03:38,2024-05-13 02:03:38
1238,ベジータ,0,0,4,2024-05-13 02:03:38,2024-05-13 02:03:38
1239,ベジータ&ブルマ,0,0,4,2024-05-13 02:03:38,2024-05-13 02:03:38
1240,孫悟空&チチ,0,0,4,2024-05-13 02:03:38,2024-05-13 02:03:38
1241,魔人ベジータ,0,0,4,2024-05-13 02:03:38,2024-05-13 02:03:38
1242,孫悟空&ベジータ,0,0,4,2024-05-13 02:03:38,2024-05-13 02:03:38
1243,魔人ベジータ,0,0,4,2024-05-13 02:03:38,2024-05-13 02:03:38
1244,孫悟空&ピッコロ,0,0,4,2024-05-13 02:03:38,2024-05-13 02:03:38
1245,ベジータ(幼年期),0,0,4,2024-05-13 02:03:38,2024-05-13 02:03:38
1246,パラパラブラザーズ,0,0,4,2024-05-13 02:03:38,2024-05-13 02:03:38
1247,ジャッキー・チュン像(ダイヤ),0,0,0,2024-05-13 02:03:38,2024-05-13 02:03:38
1248,孫悟天(青年期),0,0,4,2024-05-13 02:03:38,2024-05-13 02:03:38
1249,アンニン(巨大化),0,0,10,2024-05-13 02:03:38,2024-05-13 02:03:38
1250,人造人間16号&18号,0,0,4,2024-05-13 02:03:38,2024-05-13 02:03:38
1251,超サイヤ人孫悟空&超サイヤ人孫悟飯(少年期),0,0,4,2024-05-13 02:03:38,2024-05-13 02:03:38
1253,超サイヤ人孫悟空/超サイヤ人孫悟飯(少年期),0,0,4,2024-05-13 02:03:38,2024-05-13 02:03:38
1254,ベビー(幼生体),0,0,4,2024-05-13 02:03:38,2024-05-13 02:03:38
1255,セル(完全体),0,0,4,2024-05-13 02:03:38,2024-05-13 02:03:38
1256,セル(第一形態),0,0,4,2024-05-13 02:03:38,2024-05-13 02:03:38
1257,超サイヤ人ゴッドSSベジータ&超サイヤ人トランクス(未来),0,0,4,2024-05-13 02:03:38,2024-05-13 02:03:38
1258,大猿ベビー,0,0,10,2024-05-13 02:03:38,2024-05-13 02:03:38
1259,孫悟飯(青年期),0,0,4,2024-05-13 02:03:38,2024-05-13 02:03:38
1260,ゴールデンフリーザ,0,0,4,2024-05-13 02:03:38,2024-05-13 02:03:38
1263,トランクス(青年期),0,0,4,2024-05-13 02:03:38,2024-05-13 02:03:38
1264,合体ザマス,0,0,4,2024-05-13 02:03:38,2024-05-13 02:03:38
1265,トランクス(GT)&ギル,0,0,4,2024-05-13 02:03:38,2024-05-13 02:03:38
1266,超サイヤ人孫悟空&超サイヤ人ベジータ,0,0,4,2024-05-13 02:03:38,2024-05-13 02:03:38
1267,超サイヤ人孫悟空&超サイヤ人ベジータ,0,0,4,2024-05-13 02:03:38,2024-05-13 02:03:38
1268,クリリン&孫悟飯(少年期),0,0,4,2024-05-13 02:03:38,2024-05-13 02:03:38
1269,クウラ(最終形態),0,0,4,2024-05-13 02:03:38,2024-05-13 02:03:38
1270,パン(GT),0,0,4,2024-05-13 02:03:38,2024-05-13 02:03:38
1271,超サイヤ人孫悟空,0,0,4,2024-05-13 02:03:38,2024-05-13 02:03:38
1272,孫悟空(少年期),0,0,4,2024-05-13 02:03:38,2024-05-13 02:03:38
1273,ハッチャン,0,0,4,2024-05-13 02:03:38,2024-05-13 02:03:38
1274,メタルクウラ,0,0,4,2024-05-13 02:03:38,2024-05-13 02:03:38
1275,孫悟空&ベジータ,0,0,4,2024-05-13 02:03:38,2024-05-13 02:03:38
1276,ハッチヒャック(巨大化),0,0,10,2024-05-13 02:03:38,2024-05-13 02:03:38
1277,孫悟飯(幼年期)/孫悟空,0,0,4,2024-05-13 02:03:38,2024-05-13 02:03:38
1278,ダーブラ(天使),0,0,4,2024-05-13 02:03:38,2024-05-13 02:03:38
1279,ダーブラ(天使),0,0,4,2024-05-13 02:03:38,2024-05-13 02:03:38
1280,クリリン(天使),0,0,4,2024-05-13 02:03:38,2024-05-13 02:03:38
1281,ヤムチャ(天使),0,0,4,2024-05-13 02:03:38,2024-05-13 02:03:38
1282,孫悟空,0,0,4,2024-05-13 02:03:38,2024-05-13 02:03:38
1283,ラグス,0,0,4,2024-05-13 02:03:38,2024-05-13 02:03:38
1284,ジャネンバ(改造),0,0,4,2024-05-13 02:03:38,2024-05-13 02:03:38
1285,究極ハーツ,0,0,4,2024-05-13 02:03:38,2024-05-13 02:03:38
1286,超フルパワーサイヤ人4・限界突破孫悟空(ゼノ),0,0,4,2024-05-13 02:03:38,2024-05-13 02:03:38
1287,超フルパワーサイヤ人4・限界突破ベジータ(ゼノ),0,0,4,2024-05-13 02:03:38,2024-05-13 02:03:38
1288,ゴールデンメタルクウラ,0,0,4,2024-05-13 02:03:38,2024-05-13 02:03:38
1289,超ハーツ,0,0,4,2024-05-13 02:03:38,2024-05-13 02:03:38
1290,ハッチャン(暴走),0,0,4,2024-05-13 02:03:38,2024-05-13 02:03:38
1291,ブルー大佐,0,0,4,2024-05-13 02:03:38,2024-05-13 02:03:38
1292,ブラック参謀,0,0,4,2024-05-13 02:03:38,2024-05-13 02:03:38
1293,ヤムチャ,0,0,4,2024-05-13 02:03:38,2024-05-13 02:03:38
1294,ウーロン,0,0,4,2024-05-13 02:03:38,2024-05-13 02:03:38
1296,バーダック,0,0,4,2024-05-13 02:03:38,2024-05-13 02:03:38
1297,セルマックス,0,0,10,2024-05-13 02:03:38,2024-05-13 02:03:38
1298,バーダック,0,0,4,2024-05-13 02:03:38,2024-05-13 02:03:38
1299,パイクーハン,0,0,4,2024-05-13 02:03:38,2024-05-13 02:03:38
1300,ガンマ1号,0,0,4,2024-05-13 02:03:38,2024-05-13 02:03:38
1301,ガンマ2号,0,0,4,2024-05-13 02:03:38,2024-05-13 02:03:38
1302,ヤムチャ,0,0,4,2024-05-13 02:03:38,2024-05-13 02:03:38
1303,超サイヤ人孫悟飯(青年期),0,0,4,2024-05-13 02:03:38,2024-05-13 02:03:38
1304,孫悟空(GT)&超サイヤ人4ベジータ,0,0,4,2024-05-13 02:03:38,2024-05-13 02:03:38
1305,超サイヤ人ベジータ(GT),0,0,4,2024-05-13 02:03:38,2024-05-13 02:03:38
1306,アルティメット孫悟飯,0,0,4,2024-05-13 02:03:38,2024-05-13 02:03:38
1307,トランクス(青年期)&孫悟天(青年期),0,0,4,2024-05-13 02:03:38,2024-05-13 02:03:38
1308,三星龍&四星龍,0,0,4,2024-05-13 02:03:38,2024-05-13 02:03:38
1309,超サイヤ人3ゴテンクス&ピッコロ,0,0,4,2024-05-13 02:03:38,2024-05-13 02:03:38
1310,パン(幼年期),0,0,4,2024-05-13 02:03:38,2024-05-13 02:03:38
1311,ピッコロ(潜在能力解放),0,0,4,2024-05-13 02:03:38,2024-05-13 02:03:38
1312,オレンジピッコロ(巨大化),0,0,10,2024-05-13 02:03:38,2024-05-13 02:03:38
1314,天津飯,0,0,4,2024-05-13 02:03:38,2024-05-13 02:03:38
1315,超サイヤ人3孫悟空&超サイヤ人2ベジータ,0,0,4,2024-05-13 02:03:38,2024-05-13 02:03:38
1316,孫悟空&ベジータ,0,0,4,2024-05-13 02:03:38,2024-05-13 02:03:38
1317,孫悟飯(幼年期),0,0,4,2024-05-13 02:03:38,2024-05-13 02:03:38
1320,超サイヤ人カンバー(大猿カンバー)(大猿),0,0,10,2024-05-13 02:03:38,2024-05-13 02:03:38
1321,ベジータ&ナッパ,0,0,4,2024-05-13 02:03:38,2024-05-13 02:03:38
1322,人造人間17号&ヘルファイター17号,0,0,4,2024-05-13 02:03:38,2024-05-13 02:03:38
1323,ドクター・ミュー&ドクター・ゲロ,0,0,4,2024-05-13 02:03:38,2024-05-13 02:03:38
1324,ケール(暴走),0,0,4,2024-05-13 02:03:38,2024-05-13 02:03:38
1325,超サイヤ人ゴッド孫悟空,0,0,4,2024-05-13 02:03:38,2024-05-13 02:03:38
1326,孫悟空,0,0,4,2024-05-13 02:03:38,2024-05-13 02:03:38
1327,超サイヤ人孫悟空,0,0,4,2024-05-13 02:03:38,2024-05-13 02:03:38
1328,天津飯,0,0,4,2024-05-13 02:03:38,2024-05-13 02:03:38
1329,マジュニア,0,0,4,2024-05-13 02:03:38,2024-05-13 02:03:38
1330,マジュニア(巨大化),0,0,10,2024-05-13 02:03:38,2024-05-13 02:03:38
1331,クリリン,0,0,4,2024-05-13 02:03:38,2024-05-13 02:03:38
1332,孫悟空,0,0,4,2024-05-13 02:03:38,2024-05-13 02:03:38
1333,超17号(合体),0,0,4,2024-05-13 02:03:38,2024-05-13 02:03:38
1334,山賊グマ,0,0,7,2024-05-13 02:03:38,2024-05-13 02:03:38
1335,ターレス,0,0,4,2024-05-13 02:03:38,2024-05-13 02:03:38
1336,アモンド&レズン,0,0,4,2024-05-13 02:03:38,2024-05-13 02:03:38
1337,ダイーズ&カカオ,0,0,4,2024-05-13 02:03:38,2024-05-13 02:03:38
1338,孫悟空,0,0,4,2024-05-13 02:03:38,2024-05-13 02:03:38
1340,超サイヤ人4孫悟空&スーパーウーブ,0,0,4,2024-05-13 02:03:38,2024-05-13 02:03:38
1341,超サイヤ人4孫悟空,0,0,4,2024-05-13 02:03:38,2024-05-13 02:03:38
1342,超フルパワーサイヤ人4孫悟空,0,0,4,2024-05-13 02:03:38,2024-05-13 02:03:38
1344,超一星龍,0,0,4,2024-05-13 02:03:38,2024-05-13 02:03:38
1345,超サイヤ人トランクス(青年期),0,0,4,2024-05-13 02:03:38,2024-05-13 02:03:38
1346,超トランクス,0,0,4,2024-05-13 02:03:38,2024-05-13 02:03:38
1347,ジャッキー・チュン,0,0,4,2024-05-13 02:03:38,2024-05-13 02:03:38
1348,超サイヤ人ゴッドSS孫悟空&超サイヤ人ゴッドSSベジータ,0,0,4,2024-05-13 02:03:38,2024-05-13 02:03:38
1349,超サイヤ人ゴッドSSベジット,0,0,4,2024-05-13 02:03:38,2024-05-13 02:03:38
1350,無限ザマス,0,0,4,2024-05-13 02:03:38,2024-05-13 02:03:38
1352,人造人間17号&18号,0,0,4,2024-05-13 02:03:38,2024-05-13 02:03:38
1353,超サイヤ人トランクス(青年期)&超サイヤ人ブロリー,0,0,4,2024-05-13 02:03:38,2024-05-13 02:03:38
1354,ザーロイン&ラバンラ&ザーブト,0,0,4,2024-05-13 02:03:38,2024-05-13 02:03:38
1355,リブリアン&カクンサ&ロージィ,0,0,4,2024-05-13 02:03:38,2024-05-13 02:03:38
1356,セル(完全体)(GT)&フリーザ(最終形態)(GT),0,0,4,2024-05-13 02:03:38,2024-05-13 02:03:38
1357,超サイヤ人トランクス(未来),0,0,4,2024-05-13 02:03:38,2024-05-13 02:03:38
1358,超サイヤ人トランクス(未来),0,0,4,2024-05-13 02:03:38,2024-05-13 02:03:38
1359,ブヨン,0,0,7,2024-05-13 02:03:38,2024-05-13 02:03:38
1360,トワ,0,0,4,2024-05-13 02:03:38,2024-05-13 02:03:38
1361,超サイヤ人ゴッドSSベジータ(暴走制御),0,0,4,2024-05-13 02:03:38,2024-05-13 02:03:38
1362,紅き仮面のサイヤ人(超サイヤ人ロゼフルパワー),0,0,4,2024-05-13 02:03:38,2024-05-13 02:03:38
1363,超フルパワーサイヤ人4・限界突破ベジット(ゼノ),0,0,4,2024-05-13 02:03:38,2024-05-13 02:03:38
1364,超フルパワーサイヤ人4・限界突破ブロリー,0,0,4,2024-05-13 02:03:38,2024-05-13 02:03:38
1365,暗黒王フュー,0,0,4,2024-05-13 02:03:38,2024-05-13 02:03:38
1366,紅き仮面のサイヤ人(超サイヤ人ロゼ3),0,0,4,2024-05-13 02:03:38,2024-05-13 02:03:38
1367,ウーロン&ランチ,0,0,4,2024-05-13 02:03:38,2024-05-13 02:03:38
1368,超サイヤ人3孫悟空,0,0,4,2024-05-13 02:03:38,2024-05-13 02:03:38
1369,孫悟空(少年期),0,0,4,2024-05-13 02:03:38,2024-05-13 02:03:38
1370,孫悟空(少年期),0,0,4,2024-05-13 02:03:38,2024-05-13 02:03:38
1371,ピラフ&シュウ&マイ,0,0,4,2024-05-13 02:03:38,2024-05-13 02:03:38
1372,ポリス,0,0,4,2024-05-13 02:03:38,2024-05-13 02:03:38
1373,バイオレット大佐,0,0,4,2024-05-13 02:03:38,2024-05-13 02:03:38
1374,ピッコロ&孫悟飯(幼年期),0,0,4,2024-05-13 02:03:38,2024-05-13 02:03:38
1375,孫悟飯(幼年期),0,0,4,2024-05-13 02:03:38,2024-05-13 02:03:38
1376,超サイヤ人孫悟空&超サイヤ人ベジータ&超サイヤ人トランクス(青年期),0,0,4,2024-05-13 02:03:38,2024-05-13 02:03:38
1377,ベルゼブブ,0,0,4,2024-05-13 02:03:38,2024-05-13 02:03:38
1379,孫悟飯(ビースト),0,0,4,2024-05-13 02:03:38,2024-05-13 02:03:38
1380,クリリン&人造人間18号,0,0,4,2024-05-13 02:03:38,2024-05-13 02:03:38
1381,ガンマ1号&ガンマ2号,0,0,4,2024-05-13 02:03:38,2024-05-13 02:03:38
1382,超サイヤ人ゴッドSSゴジータ,0,0,4,2024-05-13 02:03:38,2024-05-13 02:03:38
1384,ハイヤードラゴン,0,0,4,2024-05-13 02:03:38,2024-05-13 02:03:38
1385,ビルス(パジャマ),0,0,4,2024-05-13 02:03:38,2024-05-13 02:03:38
1386,ビルス(パジャマ),0,0,4,2024-05-13 02:03:38,2024-05-13 02:03:38
1388,カトペスラ,0,0,4,2024-05-13 02:03:38,2024-05-13 02:03:38
1389,シルバー大佐,0,0,4,2024-05-13 02:03:38,2024-05-13 02:03:38
1390,魔人ブウ(善),0,0,4,2024-05-13 02:03:38,2024-05-13 02:03:38
1391,超サイヤ人3孫悟空(天使),0,0,4,2024-05-13 02:03:38,2024-05-13 02:03:38
1392,孫悟空(少年期)&クリリン(少年期)&ブルマ(少女期),0,0,4,2024-05-13 02:03:38,2024-05-13 02:03:38
1393,アルティメット孫悟飯,0,0,4,2024-05-13 02:03:38,2024-05-13 02:03:38
1396,カリン様,0,0,4,2024-05-13 02:03:38,2024-05-13 02:03:38
1397,ブラック参謀,0,0,4,2024-05-13 02:03:38,2024-05-13 02:03:38
1398,スーパーサタン像(ダイヤ),0,0,4,2024-05-13 02:03:38,2024-05-13 02:03:38
